Workbook

Sheet Start Here
A1: MILES Unfair Advantage Mentoring Workbook
A2: Hybrid format: one quick overview sheet for the mentor and separate asset-level worksheets for each MILES area.
A4: How to use this workbook
A5: 1 | B5: Write one SMART goal for this mentoring cycle. | E5: Keep it specific so the student and mentor can measure progress.
A6: 2 | B6: Use the Example Bank only for ideas. | E6: Students should rewrite examples in their own words.
A7: 3 | B7: Fill the five MILES sheets, one asset per row. | E7: Add Current Stage, Target Stage, Priority, and Impact Weight.
A8: 4 | B8: Complete the MILES Overview. | E8: This gives the mentor a fast category-level summary.
A9: 5 | B9: Use the score columns to choose the top 1–3 assets in Focus Plan. | E9: Higher scores usually mean the asset deserves attention sooner.
A11: Simple stage scale (Current Stage and Target Stage)
A12: 1 | B12: Not active yet or very hard to use
A13: 2 | B13: Small or inconsistent advantage
A14: 3 | B14: Usable with support
A15: 4 | B15: Strong and reliable
A16: 5 | B16: Signature advantage ready now
A17: Gap Score = Target Stage - Current Stage. Use Priority and Impact Weight to decide what to improve first.
A18: Session details
A19: Student name | D19: Mentor name | G19: Date
A21: SMART goal for this cycle
A22: Write one goal only. A clear goal makes it easier to see which assets matter most.
A23: Goal
A28: Today’s outcome
A29: Top asset to activate
A30: First next step
A31: Mentor support

Sheet Example Bank
A1: Example Bank
A2: Each MILES category below has 10 subcategories with one example each. Use the examples for ideas, then rewrite them in the student’s own words.
A4: Category | B4: Subcategory | C4: Example | D4: Why it could help | E4: Possible student translation | F4: Source
A5: Money | B5: Savings / Cash Buffer | C5: Have savings above 100 million rupiah to support future operational needs, such as paying for required certifications. | D5: Provides a financial buffer for learning and growth opportunities. | E5: I can fund courses, exams, tools, or travel without waiting for outside support. | F5: Original sheet
A6: Money | B6: Devices & Tools | C6: Own high-end devices (laptop, tablet, phone) that support learning and work with reliable output. | D6: Better tools save time and reduce friction. | E6: I already have the equipment I need to study, create, and communicate well. | F6: Original sheet
A7: Money | B7: Transportation / Mobility | C7: Have personal vehicles that support wider ground coverage and more convenient travel. | D7: Mobility can increase access to opportunities. | E7: I can attend events, internships, client meetings, or classes more easily. | F7: Original sheet
A8: Money | B8: Support Team Access | C8: Have access to at least five high-performing support team members, such as design, copywriting, learning design, and operations. | D8: A strong support system can multiply output. | E8: I do not always have to build alone; I can coordinate help. | F8: Original sheet
A9: Money | B9: Study / Work Space | C9: Have a quiet study or work space at home. | D9: A stable environment makes it easier to focus and produce consistent work. | E9: I have a place where I can study, think, and work without too much disruption. | F9: Original sheet
A10: Money | B10: Internet / Connectivity | C10: Have a stable internet connection for learning, meetings, and online work. | D10: Reliable access keeps learning and collaboration from stopping. | E10: I can join classes, send work, and stay connected consistently. | F10: Added example
A11: Money | B11: Education Funding | C11: Have scholarship funding or family support for professional development. | D11: Reduced financial pressure increases focus and speed. | E11: I can invest in growth opportunities earlier than some peers. | F11: Original sheet
A12: Money | B12: Safety Net | C12: Have family or emergency support available if something goes wrong. | D12: A safety net makes it easier to take smart risks. | E12: I can try new opportunities because one setback will not stop everything. | F12: Added example
A13: Money | B13: Paid Resources | C13: Can afford books, software, subscriptions, or paid communities that improve learning and work. | D13: Small paid resources can remove major learning barriers. | E13: I can access tools and information that help me move faster. | F13: Added example
A14: Money | B14: Time Flexibility | C14: Do not need to spend all available time on short-term survival needs. | D14: Financial breathing room can create more time for long-term growth. | E14: I have some time to build skills and opportunities, not only handle urgent needs. | F14: Added example
A15: Intellectual | B15: Formal Education | C15: Hold a Bachelor of Psychology degree from a reputable university in Indonesia. | D15: Formal education can provide strong foundations and credibility. | E15: I already have academic knowledge that supports people-focused work. | F15: Original sheet
... A54: Status | B54: Recognition Signals | C54: Have visible markers such as invitations to speak, featured posts, or repeat recommendations. | D54: Recognition signals tell others that your work is already valued. | E54: There are signs that other people already see my contribution as useful. | F54: Added example

Sheet MILES Overview
A1: MILES Overview
A2: This sheet stays category-level on purpose. Use the definition column for a quick reminder, and use the asset sheets plus Focus Plan for detailed scoring.
A4: MILES area | B4: Definition | C4: Assets listed | D4: Strongest asset in this area | E4: Biggest gap or missing support | F4: Overall readiness now (1–5) | G4: One asset to focus on first | H4: Mentor quick note
A5: Money | B5: Financial resources or material support that make opportunities easier to access. | C5: =COUNTA(Money!$B$8:$B$15) -> 0
A6: Intellectual | B6: Knowledge, thinking tools, learning ability, or educational advantages you can use. | C6: =COUNTA(Intellectual!$B$8:$B$15) -> 0
A7: Location / Network / Luck | B7: Where you are, who you know, and chance events that can open or block doors. | C7: =COUNTA('Location Network Luck'!$B$8:$B$15) -> 0
A8: Expertise | B8: Skills, practice, credentials, or experience that help you do something well. | C8: =COUNTA(Expertise!$B$8:$B$15) -> 0
A9: Status | B9: Identity, reputation, roles, or signals that affect how other people respond to you. | C9: =COUNTA(Status!$B$8:$B$15) -> 0
A11: Tip: keep category notes short. Put the detail in the asset sheets.

Sheet Money
A1: Money — Asset-Level Worksheet
A2: What financial or practical resources help you move faster?
A3: SMART goal | B3: =IF('Start Here'!$B$23<>"",'Start Here'!$B$23,"Write the SMART goal on Start Here") -> Write the SMART goal on Start Here
A4: Assets listed | B4: =COUNTA(B8:B15) -> 0 | C4: One asset per row. Use the score columns to see what needs the most attention.
A6: Tip: Higher Gap Score + higher Priority + higher Impact Weight = a stronger candidate for action.
A7: No. | B7: My advantage / asset | C7: Why this matters / evidence | D7: Current Stage (1–5) | E7: Target Stage (1–5) | F7: Gap Score (1–5) | G7: Priority (1–5) | H7: Impact Weight (1–5) | I7: Best next step | J7: Support person / resource | K7: Target date | L7: Mentor note
A8: 1 | F8: =IF(COUNTA(D8:E8)=2,MAX(E8-D8,0),"")
A9: 2 | F9: =IF(COUNTA(D9:E9)=2,MAX(E9-D9,0),"")
A10: 3 | F10: =IF(COUNTA(D10:E10)=2,MAX(E10-D10,0),"")
A11: 4 | F11: =IF(COUNTA(D11:E11)=2,MAX(E11-D11,0),"")
A12: 5 | F12: =IF(COUNTA(D12:E12)=2,MAX(E12-D12,0),"")
A13: 6 | F13: =IF(COUNTA(D13:E13)=2,MAX(E13-D13,0),"")
A14: 7 | F14: =IF(COUNTA(D14:E14)=2,MAX(E14-D14,0),"")
A15: 8 | F15: =IF(COUNTA(D15:E15)=2,MAX(E15-D15,0),"")

Sheet Intellectual
A1: Intellectual — Asset-Level Worksheet
A2: What knowledge, education, or ways of thinking give you an edge?
A3: SMART goal | B3: =IF('Start Here'!$B$23<>"",'Start Here'!$B$23,"Write the SMART goal on Start Here") -> Write the SMART goal on Start Here
A4: Assets listed | B4: =COUNTA(B8:B15) -> 0 | C4: One asset per row. Use the score columns to see what needs the most attention.
A6: Tip: Higher Gap Score + higher Priority + higher Impact Weight = a stronger candidate for action.
A7: No. | B7: My advantage / asset | C7: Why this matters / evidence | D7: Current Stage (1–5) | E7: Target Stage (1–5) | F7: Gap Score (1–5) | G7: Priority (1–5) | H7: Impact Weight (1–5) | I7: Best next step | J7: Support person / resource | K7: Target date | L7: Mentor note
A8: 1 | F8: =IF(COUNTA(D8:E8)=2,MAX(E8-D8,0),"")
A9: 2 | F9: =IF(COUNTA(D9:E9)=2,MAX(E9-D9,0),"")
A10: 3 | F10: =IF(COUNTA(D10:E10)=2,MAX(E10-D10,0),"")
A11: 4 | F11: =IF(COUNTA(D11:E11)=2,MAX(E11-D11,0),"")
A12: 5 | F12: =IF(COUNTA(D12:E12)=2,MAX(E12-D12,0),"")
A13: 6 | F13: =IF(COUNTA(D13:E13)=2,MAX(E13-D13,0),"")
A14: 7 | F14: =IF(COUNTA(D14:E14)=2,MAX(E14-D14,0),"")
A15: 8 | F15: =IF(COUNTA(D15:E15)=2,MAX(E15-D15,0),"")

Sheet Location Network Luck
A1: Location / Network / Luck — Asset-Level Worksheet
A2: What places, communities, relationships, timing, or lucky breaks open doors for you?
A3: SMART goal | B3: =IF('Start Here'!$B$23<>"",'Start Here'!$B$23,"Write the SMART goal on Start Here") -> Write the SMART goal on Start Here
A4: Assets listed | B4: =COUNTA(B8:B15) -> 0 | C4: One asset per row. Use the score columns to see what needs the most attention.
A6: Tip: Higher Gap Score + higher Priority + higher Impact Weight = a stronger candidate for action.
A7: No. | B7: My advantage / asset | C7: Why this matters / evidence | D7: Current Stage (1–5) | E7: Target Stage (1–5) | F7: Gap Score (1–5) | G7: Priority (1–5) | H7: Impact Weight (1–5) | I7: Best next step | J7: Support person / resource | K7: Target date | L7: Mentor note
A8: 1 | F8: =IF(COUNTA(D8:E8)=2,MAX(E8-D8,0),"")
A9: 2 | F9: =IF(COUNTA(D9:E9)=2,MAX(E9-D9,0),"")
A10: 3 | F10: =IF(COUNTA(D10:E10)=2,MAX(E10-D10,0),"")
A11: 4 | F11: =IF(COUNTA(D11:E11)=2,MAX(E11-D11,0),"")
A12: 5 | F12: =IF(COUNTA(D12:E12)=2,MAX(E12-D12,0),"")
A13: 6 | F13: =IF(COUNTA(D13:E13)=2,MAX(E13-D13,0),"")
A14: 7 | F14: =IF(COUNTA(D14:E14)=2,MAX(E14-D14,0),"")
A15: 8 | F15: =IF(COUNTA(D15:E15)=2,MAX(E15-D15,0),"")

Sheet Expertise
A1: Expertise — Asset-Level Worksheet
A2: What skills, repeated experience, or special know-how make you effective?
A3: SMART goal | B3: =IF('Start Here'!$B$23<>"",'Start Here'!$B$23,"Write the SMART goal on Start Here") -> Write the SMART goal on Start Here
A4: Assets listed | B4: =COUNTA(B8:B15) -> 0 | C4: One asset per row. Use the score columns to see what needs the most attention.
A6: Tip: Higher Gap Score + higher Priority + higher Impact Weight = a stronger candidate for action.
A7: No. | B7: My advantage / asset | C7: Why this matters / evidence | D7: Current Stage (1–5) | E7: Target Stage (1–5) | F7: Gap Score (1–5) | G7: Priority (1–5) | H7: Impact Weight (1–5) | I7: Best next step | J7: Support person / resource | K7: Target date | L7: Mentor note
A8: 1 | F8: =IF(COUNTA(D8:E8)=2,MAX(E8-D8,0),"")
A9: 2 | F9: =IF(COUNTA(D9:E9)=2,MAX(E9-D9,0),"")
A10: 3 | F10: =IF(COUNTA(D10:E10)=2,MAX(E10-D10,0),"")
A11: 4 | F11: =IF(COUNTA(D11:E11)=2,MAX(E11-D11,0),"")
A12: 5 | F12: =IF(COUNTA(D12:E12)=2,MAX(E12-D12,0),"")
A13: 6 | F13: =IF(COUNTA(D13:E13)=2,MAX(E13-D13,0),"")
A14: 7 | F14: =IF(COUNTA(D14:E14)=2,MAX(E14-D14,0),"")
A15: 8 | F15: =IF(COUNTA(D15:E15)=2,MAX(E15-D15,0),"")

Sheet Status
A1: Status — Asset-Level Worksheet
A2: What identity, role, reputation, or credibility makes people trust you faster?
A3: SMART goal | B3: =IF('Start Here'!$B$23<>"",'Start Here'!$B$23,"Write the SMART goal on Start Here") -> Write the SMART goal on Start Here
A4: Assets listed | B4: =COUNTA(B8:B15) -> 0 | C4: One asset per row. Use the score columns to see what needs the most attention.
A6: Tip: Higher Gap Score + higher Priority + higher Impact Weight = a stronger candidate for action.
A7: No. | B7: My advantage / asset | C7: Why this matters / evidence | D7: Current Stage (1–5) | E7: Target Stage (1–5) | F7: Gap Score (1–5) | G7: Priority (1–5) | H7: Impact Weight (1–5) | I7: Best next step | J7: Support person / resource | K7: Target date | L7: Mentor note
A8: 1 | F8: =IF(COUNTA(D8:E8)=2,MAX(E8-D8,0),"")
A9: 2 | F9: =IF(COUNTA(D9:E9)=2,MAX(E9-D9,0),"")
A10: 3 | F10: =IF(COUNTA(D10:E10)=2,MAX(E10-D10,0),"")
A11: 4 | F11: =IF(COUNTA(D11:E11)=2,MAX(E11-D11,0),"")
A12: 5 | F12: =IF(COUNTA(D12:E12)=2,MAX(E12-D12,0),"")
A13: 6 | F13: =IF(COUNTA(D13:E13)=2,MAX(E13-D13,0),"")
A14: 7 | F14: =IF(COUNTA(D14:E14)=2,MAX(E14-D14,0),"")
A15: 8 | F15: =IF(COUNTA(D15:E15)=2,MAX(E15-D15,0),"")

Sheet Focus Plan
A1: Focus Plan
A2: Choose the top 1–3 assets to activate now. Higher Focus Score = Gap Score × Priority × Impact Weight.
A3: SMART goal | B3: =IF('Start Here'!$B$23<>"",'Start Here'!$B$23,"Write the SMART goal on Start Here") -> Write the SMART goal on Start Here
A5: Rank | B5: MILES area | C5: Asset to activate now | D5: Current Stage (1–5) | E5: Target Stage (1–5) | F5: Gap Score (1–5) | G5: Priority (1–5) | H5: Impact Weight (1–5) | I5: Focus Score | J5: First step + support | K5: Target date | L5: Progress
A6: 1 | F6: =IF(COUNTA(D6:E6)=2,MAX(E6-D6,0),"") | I6: =IF(COUNTA(F6:H6)=3,F6*G6*H6,"")
A7: 2 | F7: =IF(COUNTA(D7:E7)=2,MAX(E7-D7,0),"") | I7: =IF(COUNTA(F7:H7)=3,F7*G7*H7,"")
A8: 3 | F8: =IF(COUNTA(D8:E8)=2,MAX(E8-D8,0),"") | I8: =IF(COUNTA(F8:H8)=3,F8*G8*H8,"")
A9: 4 | F9: =IF(COUNTA(D9:E9)=2,MAX(E9-D9,0),"") | I9: =IF(COUNTA(F9:H9)=3,F9*G9*H9,"")
A10: 5 | F10: =IF(COUNTA(D10:E10)=2,MAX(E10-D10,0),"") | I10: =IF(COUNTA(F10:H10)=3,F10*G10*H10,"")

Sheet Mentor Notes
A1: Mentor Notes
A2: One row per session. Keep notes short enough to review before the next meeting.
A4: Session date | B4: Goal for this cycle | C4: Strengths noticed | D4: Main blockers | E4: Agreed next step | F4: Mentor support | G4: Next check-in
