Workbook

Sheet Panduan
A1: PANDUAN PENGGUNAAN MENTORING TRACKER
A2: Gunakan Dashboard untuk ringkasan, Scorecard ToC untuk capaian Output–Outcome–Impact, Tracker ToC untuk pembaruan indikator, Rantai ToC untuk logika perubahan, Blueprint Program untuk katalog target client, dan Data Sumber untuk audit. | B2: Gunakan Dashboard untuk ringkasan, Scorecard ToC untuk capaian Output–Outcome–Impact, Tracker ToC untuk pembaruan indikator, Rantai ToC untuk logika perubahan, Blueprint Program untuk katalog target client, dan Data Sumber untuk audit. | C2: Gunakan Dashboard untuk ringkasan, Scorecard ToC untuk capaian Output–Outcome–Impact, Tracker ToC untuk pembaruan indikator, Rantai ToC untuk logika perubahan, Blueprint Program untuk katalog target client, dan Data Sumber untuk audit. | D2: Gunakan Dashboard untuk ringkasan, Scorecard ToC untuk capaian Output–Outcome–Impact, Tracker ToC untuk pembaruan indikator, Rantai ToC untuk logika perubahan, Blueprint Program untuk katalog target client, dan Data Sumber untuk audit. | E2: Gunakan Dashboard untuk ringkasan, Scorecard ToC untuk capaian Output–Outcome–Impact, Tracker ToC untuk pembaruan indikator, Rantai ToC untuk logika perubahan, Blueprint Program untuk katalog target client, dan Data Sumber untuk audit. | F2: Gunakan Dashboard untuk ringkasan, Scorecard ToC untuk capaian Output–Outcome–Impact, Tracker ToC untuk pembaruan indikator, Rantai ToC untuk logika perubahan, Blueprint Program untuk katalog target client, dan Data Sumber untuk audit. | G2: Gunakan Dashboard untuk ringkasan, Scorecard ToC untuk capaian Output–Outcome–Impact, Tracker ToC untuk pembaruan indikator, Rantai ToC untuk logika perubahan, Blueprint Program untuk katalog target client, dan Data Sumber untuk audit. | H2: Gunakan Dashboard untuk ringkasan, Scorecard ToC untuk capaian Output–Outcome–Impact, Tracker ToC untuk pembaruan indikator, Rantai ToC untuk logika perubahan, Blueprint Program untuk katalog target client, dan Data Sumber untuk audit.
A3: Gunakan Dashboard untuk ringkasan, Scorecard ToC untuk capaian Output–Outcome–Impact, Tracker ToC untuk pembaruan indikator, Rantai ToC untuk logika perubahan, Blueprint Program untuk katalog target client, dan Data Sumber untuk audit. | B3: Gunakan Dashboard untuk ringkasan, Scorecard ToC untuk capaian Output–Outcome–Impact, Tracker ToC untuk pembaruan indikator, Rantai ToC untuk logika perubahan, Blueprint Program untuk katalog target client, dan Data Sumber untuk audit. | C3: Gunakan Dashboard untuk ringkasan, Scorecard ToC untuk capaian Output–Outcome–Impact, Tracker ToC untuk pembaruan indikator, Rantai ToC untuk logika perubahan, Blueprint Program untuk katalog target client, dan Data Sumber untuk audit. | D3: Gunakan Dashboard untuk ringkasan, Scorecard ToC untuk capaian Output–Outcome–Impact, Tracker ToC untuk pembaruan indikator, Rantai ToC untuk logika perubahan, Blueprint Program untuk katalog target client, dan Data Sumber untuk audit. | E3: Gunakan Dashboard untuk ringkasan, Scorecard ToC untuk capaian Output–Outcome–Impact, Tracker ToC untuk pembaruan indikator, Rantai ToC untuk logika perubahan, Blueprint Program untuk katalog target client, dan Data Sumber untuk audit. | F3: Gunakan Dashboard untuk ringkasan, Scorecard ToC untuk capaian Output–Outcome–Impact, Tracker ToC untuk pembaruan indikator, Rantai ToC untuk logika perubahan, Blueprint Program untuk katalog target client, dan Data Sumber untuk audit. | G3: Gunakan Dashboard untuk ringkasan, Scorecard ToC untuk capaian Output–Outcome–Impact, Tracker ToC untuk pembaruan indikator, Rantai ToC untuk logika perubahan, Blueprint Program untuk katalog target client, dan Data Sumber untuk audit. | H3: Gunakan Dashboard untuk ringkasan, Scorecard ToC untuk capaian Output–Outcome–Impact, Tracker ToC untuk pembaruan indikator, Rantai ToC untuk logika perubahan, Blueprint Program untuk katalog target client, dan Data Sumber untuk audit.
A5: 1. Aturan Data
A6: Aturan | B6: Penjelasan | D6: Langkah | E6: Pertanyaan Mentor | F6: Bukti Minimum | G6: Keputusan | H6: Pemilik
A7: Data laporan | B7: Angka yang terbaca langsung dari Laporan Change Report, Process, Blueprint. Sumber realisasi = Laporan. | D7: 1. Validasi Input | E7: Apakah sumber daya benar-benar tersedia? | F7: Pagu, realisasi, daftar personel | G7: Lanjut/eskalasi hambatan | H7: PIC Program
A8: Turunan laporan | B8: Angka yang diturunkan secara transparan dari konteks laporan, bukan angka eksplisit pada kalimat indikator. | D8: 2. Cek Activity | E8: Apakah kegiatan terlaksana sesuai desain? | F8: Jadwal, daftar hadir, dokumentasi | G8: Perbaiki cakupan/kualitas | H8: PIC Kegiatan
A9: Data dummy | B9: Nilai sementara untuk baseline, target, atau metrik baru yang belum ada. Sel angkanya diberi warna merah muda. | D9: 3. Verifikasi Output | E9: Apa yang benar-benar dihasilkan dan siapa yang dijangkau? | F9: Rekap lokasi, peserta, media | G9: Rekonsiliasi angka | H9: Admin Data
A10: Ganti data dummy | B10: Tim program wajib mengganti sel merah muda setelah bukti tersedia dan mengubah kolom sumber menjadi Laporan/Turunan. | D10: 4. Uji Outcome | E10: Apakah pengetahuan/perilaku berubah? | F10: Pre/post-test, survei, hasil inspeksi | G10: Pertahankan/adaptasi intervensi | H10: M&E
A11: Jangan menafsirkan dummy sebagai hasil | B11: Dashboard mencampurkan data sumber dan dummy; gunakan filter Kualitas Data sebelum mengambil keputusan eksternal. | D11: 5. Tinjau Impact | E11: Apakah hasil jangka panjang membaik dan apa kontribusi program? | F11: Data insiden, tren, pembanding | G11: Lanjutkan, ubah, atau hentikan | H11: Pimpinan Program
A13: 3. Definisi Status
A14: Status | B14: Definisi | D14: • Laporan sumber berfokus pada aktivitas/output; baseline, target numerik, Outcome, dan Impact umumnya belum tersedia.
A15: Tercapai | B15: Capaian ≥ 100% | D15: • Nilai X pada A7 belum diisi; tracker memakai dummy agar formula dan alur monitoring dapat diuji.
A16: In Progress | B16: Capaian 80%–99,9% | D16: • Keterangan 'semua loket' pada A4 diturunkan menjadi 8 loket berdasarkan cakupan keluaran lain dan harus dikonfirmasi.
A17: Perlu Perhatian | B17: Capaian < 80% | D17: • Persentase capaian tidak membuktikan kausalitas. Impact perlu data pembanding dan evaluasi kontribusi.
A18: Belum Ada Data | B18: Realisasi belum tersedia atau belum jatuh tempo | D18: • Workbook dibuat dalam Bahasa Indonesia untuk rapat mentoring internal dan belum menjadi laporan publik.

Sheet Dashboard
A1: DASHBOARD MENTORING – JAWA TIMUR
A2: Ringkasan Juni 2026 | 12 program | Target Output/Outcome: Key Activity Breakdown | Target Impact: Strategic Alignment | Data dummy ditandai merah muda. | B2: Ringkasan Juni 2026 | 12 program | Target Output/Outcome: Key Activity Breakdown | Target Impact: Strategic Alignment | Data dummy ditandai merah muda. | C2: Ringkasan Juni 2026 | 12 program | Target Output/Outcome: Key Activity Breakdown | Target Impact: Strategic Alignment | Data dummy ditandai merah muda. | D2: Ringkasan Juni 2026 | 12 program | Target Output/Outcome: Key Activity Breakdown | Target Impact: Strategic Alignment | Data dummy ditandai merah muda. | E2: Ringkasan Juni 2026 | 12 program | Target Output/Outcome: Key Activity Breakdown | Target Impact: Strategic Alignment | Data dummy ditandai merah muda. | F2: Ringkasan Juni 2026 | 12 program | Target Output/Outcome: Key Activity Breakdown | Target Impact: Strategic Alignment | Data dummy ditandai merah muda. | G2: Ringkasan Juni 2026 | 12 program | Target Output/Outcome: Key Activity Breakdown | Target Impact: Strategic Alignment | Data dummy ditandai merah muda. | H2: Ringkasan Juni 2026 | 12 program | Target Output/Outcome: Key Activity Breakdown | Target Impact: Strategic Alignment | Data dummy ditandai merah muda. | I2: Ringkasan Juni 2026 | 12 program | Target Output/Outcome: Key Activity Breakdown | Target Impact: Strategic Alignment | Data dummy ditandai merah muda. | J2: Ringkasan Juni 2026 | 12 program | Target Output/Outcome: Key Activity Breakdown | Target Impact: Strategic Alignment | Data dummy ditandai merah muda. | K2: Ringkasan Juni 2026 | 12 program | Target Output/Outcome: Key Activity Breakdown | Target Impact: Strategic Alignment | Data dummy ditandai merah muda.
A4: Program | D4: Indikator | G4: Rata-rata Capaian | J4: Mengandung Dummy
A5: =COUNTA('Blueprint Program'!A6:A17) -> 12 | D5: =COUNTA('Tracker ToC'!A8:A78) -> 71 | G5: =AVERAGE('Tracker ToC'!M8:M78) -> 0.74349127 | J5: =COUNTIF('Tracker ToC'!V8:V78,"Mengandung Dummy") -> 71
A8: Status Indikator | D8: Kualitas Realisasi
A9: Status | B9: Jumlah | D9: Sumber Realisasi | E9: Jumlah
A10: Tercapai | B10: =COUNTIF('Tracker ToC'!N8:N78,"Tercapai") -> 18 | D10: Laporan | E10: =COUNTIF('Tracker ToC'!U8:U78,"Laporan") -> 16
A11: In Progress | B11: =COUNTIF('Tracker ToC'!N8:N78,"In Progress") -> 17 | D11: Turunan | E11: =COUNTIF('Tracker ToC'!U8:U78,"Turunan") -> 1
A12: Perlu Perhatian | B12: =COUNTIF('Tracker ToC'!N8:N78,"Perlu Perhatian") -> 36 | D12: Dummy | E12: =COUNTIF('Tracker ToC'!U8:U78,"Dummy") -> 54
A13: Belum Ada Data | B13: =COUNTIF('Tracker ToC'!N8:N78,"Belum Ada Data") -> 0
A15: Tingkat ToC | B15: Rata-rata Capaian
A16: Input | B16: =IFERROR(AVERAGEIF('Tracker ToC'!E8:E78,A16,'Tracker ToC'!M8:M78),0) -> 0.7648082
A17: Activity | B17: =IFERROR(AVERAGEIF('Tracker ToC'!E9:E79,A17,'Tracker ToC'!M9:M79),0) -> 0.73177083
A18: Output | B18: =IFERROR(AVERAGEIF('Tracker ToC'!E10:E80,A18,'Tracker ToC'!M10:M80),0) -> 0.81578947
A19: Outcome | B19: =IFERROR(AVERAGEIF('Tracker ToC'!E11:E81,A19,'Tracker ToC'!M11:M81),0) -> 0.76275327
A20: Impact | B20: =IFERROR(AVERAGEIF('Tracker ToC'!E12:E82,A20,'Tracker ToC'!M12:M82),0) -> 0.60406746
A23: Prioritas Mentoring
A24: 1 | B24: Ganti seluruh sel merah muda dengan data yang terverifikasi.
A25: 2 | B25: Tetapkan target numerik berbasis baseline dan kapasitas program.
A26: 3 | B26: Mulai pre/post-test untuk A3, A4, A5, dan penilaian simulasi untuk A6.
A27: 4 | B27: Buat register tindak lanjut kolaborasi untuk A7.

Sheet Tracker ToC
A1: MENTORING TRACKER – THEORY OF CHANGE
A2: Periode laporan: Juni 2026 | Sel merah muda = data dummy yang wajib diganti | Persentase capaian dihitung dari Realisasi ÷ Target.
A5: Filter berdasarkan program, tingkat ToC, status, atau kualitas data. Outcome dan Impact disarankan divalidasi melalui survei/administrative data.
A7: ID | B7: Periode | C7: Kode | D7: Program | E7: Tingkat ToC | F7: Pernyataan Hasil/Kegiatan | G7: Indikator | H7: Definisi Operasional | I7: Baseline | J7: Target | K7: Realisasi | L7: Satuan | M7: % Capaian | N7: Status | O7: Bukti/Sumber | P7: Frekuensi | Q7: PIC | R7: Tindak Lanjut Mentoring | S7: Sumber Baseline | T7: Sumber Target | U7: Sumber Realisasi | V7: Kualitas Data | W7: Catatan
A8: IND-001 | B8: 46203 | C8: A1 | D8: Road Safety Baseline Study & Data Mapping | E8: Input | F8: Data dan sumber daya studi baseline tersedia | G8: Ketersediaan sumber data baseline | H8: Jumlah set data utama yang siap dianalisis | I8: 0 | J8: 3 | K8: 2 | L8: set data | M8: =IFERROR(K8/J8,0) -> 0.66666667 | N8: =IF(K8="","Belum Ada Data",IF(M8>=1,"Tercapai",IF(M8>=0.8,"In Progress","Perlu Perhatian"))) -> Perlu Perhatian | O8: Blueprint 6.jpeg – A1 | P8: Bulanan | Q8: Change Agent, Change Booster, Sub Bagian Pelayanan | R8: Konfirmasi kelengkapan data korban, santunan, dan faktor penyebab | S8: Dummy | T8: Blueprint | U8: Dummy | V8: =IF(OR(S8="Dummy",T8="Dummy",U8="Dummy"),"Mengandung Dummy",IF(OR(S8="Turunan",T8="Turunan",U8="Turunan"),"Turunan Laporan","Laporan")) -> Mengandung Dummy
A9: IND-002 | B9: 46203 | C9: A1 | D9: Road Safety Baseline Study & Data Mapping | E9: Activity | F9: Studi baseline dan pemetaan dilaksanakan | G9: Tahapan studi baseline selesai | H9: Proporsi tahapan studi yang selesai | I9: 0 | J9: 1 | K9: 0.75 | L9: % tahapan | M9: =IFERROR(K9/J9,0) -> 0.75 | N9: =IF(K9="","Belum Ada Data",IF(M9>=1,"Tercapai",IF(M9>=0.8,"In Progress","Perlu Perhatian"))) -> Perlu Perhatian | O9: Blueprint 6.jpeg – A1 | P9: Bulanan | Q9: Change Agent, Change Booster, Sub Bagian Pelayanan | R9: Lampirkan metodologi, daftar data, dan notulen penyamaan persepsi | S9: Dummy | T9: Blueprint | U9: Dummy | V9: =IF(OR(S9="Dummy",T9="Dummy",U9="Dummy"),"Mengandung Dummy",IF(OR(S9="Turunan",T9="Turunan",U9="Turunan"),"Turunan Laporan","Laporan")) -> Mengandung Dummy
A10: IND-003 | B10: 46203 | C10: A1 | D10: Road Safety Baseline Study & Data Mapping | E10: Output | F10: Road safety insight report; data korban kecelakaan dan santunan; faktor penyebab kecelakaan. | G10: Deliverable baseline tersedia | H10: Jumlah deliverable yang tersedia: insight report, data korban/santunan, dan faktor penyebab | I10: 0 | J10: 3 | K10: 2 | L10: deliverable | M10: =IFERROR(K10/J10,0) -> 0.66666667 | N10: =IF(K10="","Belum Ada Data",IF(M10>=1,"Tercapai",IF(M10>=0.8,"In Progress","Perlu Perhatian"))) -> Perlu Perhatian | O10: Blueprint 6.jpeg – A1 | P10: Bulanan | Q10: Change Agent, Change Booster, Sub Bagian Pelayanan | R10: Validasi tiga deliverable dan tautan penyimpanan | S10: Dummy | T10: Blueprint | U10: Dummy | V10: =IF(OR(S10="Dummy",T10="Dummy",U10="Dummy"),"Mengandung Dummy",IF(OR(S10="Turunan",T10="Turunan",U10="Turunan"),"Turunan Laporan","Laporan")) -> Mengandung Dummy | W10: Target naratif: Key Activity Breakdown 6.jpeg.
A11: IND-004 | B11: 46203 | C11: A1 | D11: Road Safety Baseline Study & Data Mapping | E11: Outcome | F11: Tersedianya data kecelakaan sebagai dasar Program JAWA TIMUR dan setiap intervensi JAWA TIMUR berbasis data. | G11: Intervensi yang menggunakan baseline | H11: Persentase intervensi yang merujuk pada baseline atau dashboard | I11: 0 | J11: 1 | K11: 0.7 | L11: % intervensi | M11: =IFERROR(K11/J11,0) -> 0.7 | N11: =IF(K11="","Belum Ada Data",IF(M11>=1,"Tercapai",IF(M11>=0.8,"In Progress","Perlu Perhatian"))) -> Perlu Perhatian | O11: Blueprint 6.jpeg – A1 | P11: Triwulanan | Q11: Change Agent, Change Booster, Sub Bagian Pelayanan | R11: Tambahkan referensi baseline pada setiap proposal intervensi | S11: Dummy | T11: Blueprint | U11: Dummy | V11: =IF(OR(S11="Dummy",T11="Dummy",U11="Dummy"),"Mengandung Dummy",IF(OR(S11="Turunan",T11="Turunan",U11="Turunan"),"Turunan Laporan","Laporan")) -> Mengandung Dummy | W11: Target naratif: Key Activity Breakdown 6.jpeg.
A12: IND-005 | B12: 46203 | C12: A1 | D12: Road Safety Baseline Study & Data Mapping | E12: Impact | F12: Implementasi Penanganan Titik Rawan Laka 100% terintervensi (Data & Digital) | G12: Rekomendasi berbasis data ditindaklanjuti | H12: Persentase rekomendasi berbasis data yang ditindaklanjuti | I12: 0 | J12: 0.8 | K12: 0.6 | L12: % rekomendasi | M12: =IFERROR(K12/J12,0) -> 0.75 | N12: =IF(K12="","Belum Ada Data",IF(M12>=1,"Tercapai",IF(M12>=0.8,"In Progress","Perlu Perhatian"))) -> Perlu Perhatian | O12: Blueprint 6.jpeg – A1 | P12: Semesteran | Q12: Change Agent, Change Booster, Sub Bagian Pelayanan | R12: Buat register rekomendasi dan keputusan | S12: Dummy | T12: Dummy | U12: Dummy | V12: =IF(OR(S12="Dummy",T12="Dummy",U12="Dummy"),"Mengandung Dummy",IF(OR(S12="Turunan",T12="Turunan",U12="Turunan"),"Turunan Laporan","Laporan")) -> Mengandung Dummy | W12: Target naratif: Strategic Alignment 2.jpeg. Pemetaan impact perlu konfirmasi klien; skor memakai indikator impact Tracker sebagai proxy sampai KPI strategis diisi.
A13: IND-006 | B13: 46203 | C13: A2 | D13: Blackspot Intervention Program | E13: Input | F13: Sumber daya intervensi blackspot tersedia | G13: Anggaran intervensi tersedia | H13: Anggaran yang dialokasikan dan direalisasikan | I13: 0 | J13: 25 | K13: 20 | L13: Rp juta | M13: =IFERROR(K13/J13,0) -> 0.8 | N13: =IF(K13="","Belum Ada Data",IF(M13>=1,"Tercapai",IF(M13>=0.8,"In Progress","Perlu Perhatian"))) -> In Progress | O13: Blueprint 6.jpeg – A2 | P13: Bulanan | Q13: Sub Bagian Pelayanan | R13: Konfirmasi pagu dan dukungan stakeholder | S13: Dummy | T13: Dummy | U13: Dummy | V13: =IF(OR(S13="Dummy",T13="Dummy",U13="Dummy"),"Mengandung Dummy",IF(OR(S13="Turunan",T13="Turunan",U13="Turunan"),"Turunan Laporan","Laporan")) -> Mengandung Dummy
A14: IND-007 | B14: 46203 | C14: A2 | D14: Blackspot Intervention Program | E14: Activity | F14: Intervensi titik rawan dirancang dan dilaksanakan | G14: Tahapan intervensi selesai | H14: Proporsi tahapan pemetaan, koordinasi, dan intervensi yang selesai | I14: 0 | J14: 1 | K14: 0.8 | L14: % tahapan | M14: =IFERROR(K14/J14,0) -> 0.8 | N14: =IF(K14="","Belum Ada Data",IF(M14>=1,"Tercapai",IF(M14>=0.8,"In Progress","Perlu Perhatian"))) -> In Progress | O14: Blueprint 6.jpeg – A2 | P14: Bulanan | Q14: Sub Bagian Pelayanan | R14: Lampirkan peta titik rawan dan berita acara koordinasi | S14: Dummy | T14: Blueprint | U14: Dummy | V14: =IF(OR(S14="Dummy",T14="Dummy",U14="Dummy"),"Mengandung Dummy",IF(OR(S14="Turunan",T14="Turunan",U14="Turunan"),"Turunan Laporan","Laporan")) -> Mengandung Dummy
A15: IND-008 | B15: 46203 | C15: A2 | D15: Blackspot Intervention Program | E15: Output | F15: Rekomendasi kegiatan atau intervensi berdasarkan pemetaan, seperti rambu, edukasi, dan intervensi relevan lainnya. | G15: Rekomendasi intervensi berbasis pemetaan | H15: Jumlah dokumen rekomendasi kegiatan/intervensi | I15: 0 | J15: 1 | K15: 1 | L15: dokumen | M15: =IFERROR(K15/J15,0) -> 1 | N15: =IF(K15="","Belum Ada Data",IF(M15>=1,"Tercapai",IF(M15>=0.8,"In Progress","Perlu Perhatian"))) -> Tercapai | O15: Blueprint 6.jpeg – A2 | P15: Bulanan | Q15: Sub Bagian Pelayanan | R15: Catat jenis intervensi, lokasi, PIC, dan tenggat | S15: Dummy | T15: Blueprint | U15: Dummy | V15: =IF(OR(S15="Dummy",T15="Dummy",U15="Dummy"),"Mengandung Dummy",IF(OR(S15="Turunan",T15="Turunan",U15="Turunan"),"Turunan Laporan","Laporan")) -> Mengandung Dummy | W15: Target naratif: Key Activity Breakdown 6.jpeg.
A16: IND-009 | B16: 46203 | C16: A2 | D16: Blackspot Intervention Program | E16: Outcome | F16: Stakeholder melakukan intervensi pada titik rawan dan koordinasi lintas lembaga meningkat. | G16: Titik rawan dengan intervensi stakeholder | H16: Jumlah titik rawan yang menerima intervensi | I16: 0 | J16: 3 | K16: 2 | L16: titik rawan | M16: =IFERROR(K16/J16,0) -> 0.66666667 | N16: =IF(K16="","Belum Ada Data",IF(M16>=1,"Tercapai",IF(M16>=0.8,"In Progress","Perlu Perhatian"))) -> Perlu Perhatian | O16: Blueprint 6.jpeg – A2 | P16: Triwulanan | Q16: Sub Bagian Pelayanan | R16: Ganti angka dummy dengan bukti intervensi per lokasi | S16: Dummy | T16: Dummy | U16: Dummy | V16: =IF(OR(S16="Dummy",T16="Dummy",U16="Dummy"),"Mengandung Dummy",IF(OR(S16="Turunan",T16="Turunan",U16="Turunan"),"Turunan Laporan","Laporan")) -> Mengandung Dummy | W16: Target naratif: Key Activity Breakdown 6.jpeg.
A17: IND-010 | B17: 46203 | C17: A2 | D17: Blackspot Intervention Program | E17: Impact | F17: Implementasi Penanganan Titik Rawan Laka 100% terintervensi (Data & Digital) | G17: Penurunan insiden pada titik intervensi | H17: Persentase penurunan insiden dibanding periode pembanding | I17: 0 | J17: 0.1 | K17: 0.04 | L17: % penurunan | M17: =IFERROR(K17/J17,0) -> 0.4 | N17: =IF(K17="","Belum Ada Data",IF(M17>=1,"Tercapai",IF(M17>=0.8,"In Progress","Perlu Perhatian"))) -> Perlu Perhatian | O17: Blueprint 6.jpeg – A2 | P17: Semesteran | Q17: Sub Bagian Pelayanan | R17: Gunakan data sebelum–sesudah dan lokasi pembanding | S17: Dummy | T17: Dummy | U17: Dummy | V17: =IF(OR(S17="Dummy",T17="Dummy",U17="Dummy"),"Mengandung Dummy",IF(OR(S17="Turunan",T17="Turunan",U17="Turunan"),"Turunan Laporan","Laporan")) -> Mengandung Dummy | W17: Target naratif: Strategic Alignment 2.jpeg. Pemetaan impact perlu konfirmasi klien; skor memakai indikator impact Tracker sebagai proxy sampai KPI strategis diisi.
A18: IND-011 | B18: 46203 | C18: A3 | D18: Road Safety Education Program | E18: Input | F18: Sumber daya edukasi sekolah tersedia | G18: Anggaran program tersedia | H18: Anggaran yang dialokasikan dan direalisasikan untuk edukasi sekolah | I18: 0 | J18: 50 | K18: 42 | L18: Rp juta | M18: =IFERROR(K18/J18,0) -> 0.84 | N18: =IF(K18="","Belum Ada Data",IF(M18>=1,"Tercapai",IF(M18>=0.8,"In Progress","Perlu Perhatian"))) -> In Progress | O18: Belum ada di laporan | P18: Bulanan | Q18: Koordinator Edukasi | R18: Konfirmasi pagu dan realisasi anggaran | S18: Dummy | T18: Dummy | U18: Dummy | V18: =IF(OR(S18="Dummy",T18="Dummy",U18="Dummy"),"Mengandung Dummy",IF(OR(S18="Turunan",T18="Turunan",U18="Turunan"),"Turunan Laporan","Laporan")) -> Mengandung Dummy
A19: IND-012 | B19: 46203 | C19: A3 | D19: Road Safety Education Program | E19: Activity | F19: Edukasi/PPKL dan pemasangan spanduk dilaksanakan | G19: Kegiatan PPKL dan pemasangan spanduk bulan Juni | H19: Jumlah kegiatan yang selesai pada bulan berjalan | I19: 0 | J19: 9 | K19: 9 | L19: kegiatan | M19: =IFERROR(K19/J19,0) -> 1 | N19: =IF(K19="","Belum Ada Data",IF(M19>=1,"Tercapai",IF(M19>=0.8,"In Progress","Perlu Perhatian"))) -> Tercapai | O19: Activity 1.jpeg – A3 | P19: Bulanan | Q19: Koordinator Edukasi | R19: Lampirkan daftar sekolah dan dokumentasi | S19: Dummy | T19: Dummy | U19: Laporan | V19: =IF(OR(S19="Dummy",T19="Dummy",U19="Dummy"),"Mengandung Dummy",IF(OR(S19="Turunan",T19="Turunan",U19="Turunan"),"Turunan Laporan","Laporan")) -> Mengandung Dummy | W19: Target numerik tidak tercantum; laporan menyebut kegiatan sesuai target.
A20: IND-013 | B20: 46203 | C20: A3 | D20: Road Safety Education Program | E20: Output | F20: Program edukasi di sekolah dan program edukasi bagi pengajar. | G20: Kegiatan PPKL kumulatif s.d. Juni | H20: Jumlah kegiatan PPKL yang tercatat sejak Januari sampai Juni 2026 | I20: 0 | J20: 80 | K20: 80 | L20: kegiatan | M20: =IFERROR(K20/J20,0) -> 1 | N20: =IF(K20="","Belum Ada Data",IF(M20>=1,"Tercapai",IF(M20>=0.8,"In Progress","Perlu Perhatian"))) -> Tercapai | O20: Activity 1.jpeg – A3 | P20: Bulanan | Q20: Koordinator Edukasi | R20: Rekonsiliasi daftar kegiatan per sekolah | S20: Dummy | T20: Dummy | U20: Laporan | V20: =IF(OR(S20="Dummy",T20="Dummy",U20="Dummy"),"Mengandung Dummy",IF(OR(S20="Turunan",T20="Turunan",U20="Turunan"),"Turunan Laporan","Laporan")) -> Mengandung Dummy | W20: Target naratif: Key Activity Breakdown 5.jpeg.
A21: IND-014 | B21: 46203 | C21: A3 | D21: Road Safety Education Program | E21: Output | F21: Program edukasi di sekolah dan program edukasi bagi pengajar. | G21: Himbauan keselamatan terpasang s.d. Juni | H21: Jumlah himbauan/spanduk keselamatan yang terpasang | I21: 0 | J21: 45 | K21: 45 | L21: himbauan | M21: =IFERROR(K21/J21,0) -> 1 | N21: =IF(K21="","Belum Ada Data",IF(M21>=1,"Tercapai",IF(M21>=0.8,"In Progress","Perlu Perhatian"))) -> Tercapai | O21: Activity 1.jpeg – A3 | P21: Bulanan | Q21: Koordinator Edukasi | R21: Catat lokasi dan kondisi media | S21: Dummy | T21: Dummy | U21: Laporan | V21: =IF(OR(S21="Dummy",T21="Dummy",U21="Dummy"),"Mengandung Dummy",IF(OR(S21="Turunan",T21="Turunan",U21="Turunan"),"Turunan Laporan","Laporan")) -> Mengandung Dummy | W21: Target naratif: Key Activity Breakdown 5.jpeg.
A22: IND-015 | B22: 46203 | C22: A3 | D22: Road Safety Education Program | E22: Outcome | F22: 20% sekolah di Jawa Timur mendapatkan edukasi dan pengajar menjadi agen keselamatan di lingkungan keluarga dan sekolah/kampus. | G22: Peserta dengan kenaikan skor pengetahuan ≥20% | H22: Persentase peserta dengan skor pasca-sesi minimal 20% lebih tinggi dari pra-sesi | I22: 0.45 | J22: 0.7 | K22: 0.68 | L22: % peserta | M22: =IFERROR(K22/J22,0) -> 0.97142857 | N22: =IF(K22="","Belum Ada Data",IF(M22>=1,"Tercapai",IF(M22>=0.8,"In Progress","Perlu Perhatian"))) -> In Progress | O22: Belum ada pre/post-test | P22: Triwulanan | Q22: Koordinator Edukasi | R22: Gunakan pre/post-test singkat yang sama | S22: Dummy | T22: Dummy | U22: Dummy | V22: =IF(OR(S22="Dummy",T22="Dummy",U22="Dummy"),"Mengandung Dummy",IF(OR(S22="Turunan",T22="Turunan",U22="Turunan"),"Turunan Laporan","Laporan")) -> Mengandung Dummy | W22: Target naratif: Key Activity Breakdown 5.jpeg.
A23: IND-016 | B23: 46203 | C23: A3 | D23: Road Safety Education Program | E23: Impact | F23: Implementasi Penanganan Titik Rawan Laka 100% terintervensi (Data & Digital) | G23: Penurunan insiden kecelakaan di sekolah sasaran | H23: Persentase penurunan insiden dibanding periode pembanding | I23: 0 | J23: 0.1 | K23: 0.06 | L23: % penurunan | M23: =IFERROR(K23/J23,0) -> 0.6 | N23: =IF(K23="","Belum Ada Data",IF(M23>=1,"Tercapai",IF(M23>=0.8,"In Progress","Perlu Perhatian"))) -> Perlu Perhatian | O23: Belum ada data insiden | P23: Semesteran | Q23: Koordinator Edukasi | R23: Minta data insiden dari sekolah/mitra | S23: Dummy | T23: Dummy | U23: Dummy | V23: =IF(OR(S23="Dummy",T23="Dummy",U23="Dummy"),"Mengandung Dummy",IF(OR(S23="Turunan",T23="Turunan",U23="Turunan"),"Turunan Laporan","Laporan")) -> Mengandung Dummy | W23: Target naratif: Strategic Alignment 2.jpeg. Pemetaan impact perlu konfirmasi klien; skor memakai indikator impact Tracker sebagai proxy sampai KPI strategis diisi.
A24: IND-017 | B24: 46203 | C24: A4 | D24: Transport Driver Safety Program | E24: Input | F24: Sumber daya pemeriksaan dan edukasi pengemudi tersedia | G24: Anggaran program tersedia | H24: Anggaran yang dialokasikan dan direalisasikan untuk program keselamatan pengemudi | I24: 0 | J24: 80 | K24: 72 | L24: Rp juta | M24: =IFERROR(K24/J24,0) -> 0.9 | N24: =IF(K24="","Belum Ada Data",IF(M24>=1,"Tercapai",IF(M24>=0.8,"In Progress","Perlu Perhatian"))) -> In Progress | O24: Belum ada di laporan | P24: Bulanan | Q24: Koordinator Transport | R24: Konfirmasi pagu dan realisasi anggaran | S24: Dummy | T24: Dummy | U24: Dummy | V24: =IF(OR(S24="Dummy",T24="Dummy",U24="Dummy"),"Mengandung Dummy",IF(OR(S24="Turunan",T24="Turunan",U24="Turunan"),"Turunan Laporan","Laporan")) -> Mengandung Dummy
A25: IND-018 | B25: 46203 | C25: A4 | D25: Transport Driver Safety Program | E25: Activity | F25: Operasi gabungan dan ramp check dilaksanakan | G25: Loket melaksanakan operasi gabungan/ramp check | H25: Jumlah loket yang melaksanakan kegiatan | I25: 0 | J25: 8 | K25: 8 | L25: loket | M25: =IFERROR(K25/J25,0) -> 1 | N25: =IF(K25="","Belum Ada Data",IF(M25>=1,"Tercapai",IF(M25>=0.8,"In Progress","Perlu Perhatian"))) -> Tercapai | O25: Activity 1.jpeg – A4 | P25: Bulanan | Q25: Koordinator Transport | R25: Validasi denominator jumlah loket | S25: Dummy | T25: Dummy | U25: Turunan | V25: =IF(OR(S25="Dummy",T25="Dummy",U25="Dummy"),"Mengandung Dummy",IF(OR(S25="Turunan",T25="Turunan",U25="Turunan"),"Turunan Laporan","Laporan")) -> Mengandung Dummy | W25: Laporan menyebut semua loket; angka 8 diturunkan dari cakupan loket pada keluaran lain.
A26: IND-019 | B26: 46203 | C26: A4 | D26: Transport Driver Safety Program | E26: Activity | F26: Kampanye keselamatan pada kendaraan dilaksanakan | G26: Giat pemasangan stiker bulan Juni | H26: Jumlah giat pemasangan stiker keselamatan | I26: 0 | J26: 3 | K26: 3 | L26: kegiatan | M26: =IFERROR(K26/J26,0) -> 1 | N26: =IF(K26="","Belum Ada Data",IF(M26>=1,"Tercapai",IF(M26>=0.8,"In Progress","Perlu Perhatian"))) -> Tercapai | O26: Activity 1.jpeg – A4 | P26: Bulanan | Q26: Koordinator Transport | R26: Lampirkan daftar lokasi | S26: Dummy | T26: Dummy | U26: Laporan | V26: =IF(OR(S26="Dummy",T26="Dummy",U26="Dummy"),"Mengandung Dummy",IF(OR(S26="Turunan",T26="Turunan",U26="Turunan"),"Turunan Laporan","Laporan")) -> Mengandung Dummy
A27: IND-020 | B27: 46203 | C27: A4 | D27: Transport Driver Safety Program | E27: Output | F27: Pelatihan keselamatan bagi pengemudi angkutan umum dan kendaraan berat; Operasi Gabungan & Sosialisasi ODOL; kampanye keselamatan kepada mobil pengangkut barang (truck); MUKL. | G27: Stiker keselamatan terpasang | H27: Jumlah stiker keselamatan yang dipasang pada mobil penumpang umum | I27: 0 | J27: 33 | K27: 33 | L27: stiker | M27: =IFERROR(K27/J27,0) -> 1 | N27: =IF(K27="","Belum Ada Data",IF(M27>=1,"Tercapai",IF(M27>=0.8,"In Progress","Perlu Perhatian"))) -> Tercapai | O27: Activity 1.jpeg – A4 | P27: Bulanan | Q27: Koordinator Transport | R27: Simpan foto dan nomor kendaraan | S27: Dummy | T27: Dummy | U27: Laporan | V27: =IF(OR(S27="Dummy",T27="Dummy",U27="Dummy"),"Mengandung Dummy",IF(OR(S27="Turunan",T27="Turunan",U27="Turunan"),"Turunan Laporan","Laporan")) -> Mengandung Dummy | W27: Target naratif: Key Activity Breakdown 5.jpeg.
A28: IND-021 | B28: 46203 | C28: A4 | D28: Transport Driver Safety Program | E28: Output | F28: Pelatihan keselamatan bagi pengemudi angkutan umum dan kendaraan berat; Operasi Gabungan & Sosialisasi ODOL; kampanye keselamatan kepada mobil pengangkut barang (truck); MUKL. | G28: Kegiatan PPGD | H28: Jumlah kegiatan PPGD yang terlaksana | I28: 0 | J28: 17 | K28: 17 | L28: kegiatan | M28: =IFERROR(K28/J28,0) -> 1 | N28: =IF(K28="","Belum Ada Data",IF(M28>=1,"Tercapai",IF(M28>=0.8,"In Progress","Perlu Perhatian"))) -> Tercapai | O28: Activity 1.jpeg – A4 | P28: Bulanan | Q28: Koordinator Transport | R28: Rekonsiliasi peserta dan loket | S28: Dummy | T28: Dummy | U28: Laporan | V28: =IF(OR(S28="Dummy",T28="Dummy",U28="Dummy"),"Mengandung Dummy",IF(OR(S28="Turunan",T28="Turunan",U28="Turunan"),"Turunan Laporan","Laporan")) -> Mengandung Dummy | W28: Target naratif: Key Activity Breakdown 5.jpeg.
A29: IND-022 | B29: 46203 | C29: A4 | D29: Transport Driver Safety Program | E29: Output | F29: Pelatihan keselamatan bagi pengemudi angkutan umum dan kendaraan berat; Operasi Gabungan & Sosialisasi ODOL; kampanye keselamatan kepada mobil pengangkut barang (truck); MUKL. | G29: Kegiatan MUKL | H29: Jumlah kegiatan Mobil Unit Keselamatan Lalu Lintas | I29: 0 | J29: 11 | K29: 11 | L29: kegiatan | M29: =IFERROR(K29/J29,0) -> 1 | N29: =IF(K29="","Belum Ada Data",IF(M29>=1,"Tercapai",IF(M29>=0.8,"In Progress","Perlu Perhatian"))) -> Tercapai | O29: Activity 1.jpeg – A4 | P29: Bulanan | Q29: Koordinator Transport | R29: Catat terminal/PO yang dijangkau | S29: Dummy | T29: Dummy | U29: Laporan | V29: =IF(OR(S29="Dummy",T29="Dummy",U29="Dummy"),"Mengandung Dummy",IF(OR(S29="Turunan",T29="Turunan",U29="Turunan"),"Turunan Laporan","Laporan")) -> Mengandung Dummy | W29: Target naratif: Key Activity Breakdown 5.jpeg.
A30: IND-023 | B30: 46203 | C30: A4 | D30: Transport Driver Safety Program | E30: Output | F30: Pelatihan keselamatan bagi pengemudi angkutan umum dan kendaraan berat; Operasi Gabungan & Sosialisasi ODOL; kampanye keselamatan kepada mobil pengangkut barang (truck); MUKL. | G30: Peserta diklat pengemudi dan awak | H30: Jumlah peserta diklat bersama KNKT | I30: 0 | J30: 60 | K30: 60 | L30: peserta | M30: =IFERROR(K30/J30,0) -> 1 | N30: =IF(K30="","Belum Ada Data",IF(M30>=1,"Tercapai",IF(M30>=0.8,"In Progress","Perlu Perhatian"))) -> Tercapai | O30: Activity 1.jpeg – A4 | P30: Bulanan | Q30: Koordinator Transport | R30: Simpan daftar hadir dan hasil tes | S30: Dummy | T30: Dummy | U30: Laporan | V30: =IF(OR(S30="Dummy",T30="Dummy",U30="Dummy"),"Mengandung Dummy",IF(OR(S30="Turunan",T30="Turunan",U30="Turunan"),"Turunan Laporan","Laporan")) -> Mengandung Dummy | W30: Target naratif: Key Activity Breakdown 5.jpeg.
A31: IND-024 | B31: 46203 | C31: A4 | D31: Transport Driver Safety Program | E31: Outcome | F31: Pengemudi memahami batas kecepatan, muatan, dan aturan lalu lintas. | G31: Kendaraan lulus pemeriksaan keselamatan | H31: Persentase kendaraan yang memenuhi pemeriksaan keselamatan | I31: 0.75 | J31: 0.85 | K31: 0.82 | L31: % kendaraan | M31: =IFERROR(K31/J31,0) -> 0.96470588 | N31: =IF(K31="","Belum Ada Data",IF(M31>=1,"Tercapai",IF(M31>=0.8,"In Progress","Perlu Perhatian"))) -> In Progress | O31: Belum ada hasil ramp check terstruktur | P31: Triwulanan | Q31: Koordinator Transport | R31: Rekap lulus/tidak lulus per loket | S31: Dummy | T31: Dummy | U31: Dummy | V31: =IF(OR(S31="Dummy",T31="Dummy",U31="Dummy"),"Mengandung Dummy",IF(OR(S31="Turunan",T31="Turunan",U31="Turunan"),"Turunan Laporan","Laporan")) -> Mengandung Dummy | W31: Target naratif: Key Activity Breakdown 5.jpeg.
A32: IND-025 | B32: 46203 | C32: A4 | D32: Transport Driver Safety Program | E32: Impact | F32: Kecepatan Kepastian Jaminan Wilayah/Cabang (Pelayanan Publik) | G32: Penurunan kecelakaan pada pengemudi sasaran | H32: Persentase penurunan kecelakaan dibanding periode pembanding | I32: 0 | J32: 0.08 | K32: 0.05 | L32: % penurunan | M32: =IFERROR(K32/J32,0) -> 0.625 | N32: =IF(K32="","Belum Ada Data",IF(M32>=1,"Tercapai",IF(M32>=0.8,"In Progress","Perlu Perhatian"))) -> Perlu Perhatian | O32: Belum ada data kecelakaan terhubung | P32: Semesteran | Q32: Koordinator Transport | R32: Hubungkan daftar peserta dengan data insiden | S32: Dummy | T32: Dummy | U32: Dummy | V32: =IF(OR(S32="Dummy",T32="Dummy",U32="Dummy"),"Mengandung Dummy",IF(OR(S32="Turunan",T32="Turunan",U32="Turunan"),"Turunan Laporan","Laporan")) -> Mengandung Dummy | W32: Target naratif: Strategic Alignment 2.jpeg. Pemetaan impact perlu konfirmasi klien; skor memakai indikator impact Tracker sebagai proxy sampai KPI strategis diisi.
A33: IND-026 | B33: 46203 | C33: A5 | D33: Passenger & Public Awareness Campaign | E33: Input | F33: Sumber daya kampanye publik tersedia | G33: Anggaran program tersedia | H33: Anggaran yang dialokasikan dan direalisasikan untuk kampanye publik | I33: 0 | J33: 40 | K33: 37 | L33: Rp juta | M33: =IFERROR(K33/J33,0) -> 0.925 | N33: =IF(K33="","Belum Ada Data",IF(M33>=1,"Tercapai",IF(M33>=0.8,"In Progress","Perlu Perhatian"))) -> In Progress | O33: Belum ada di laporan | P33: Bulanan | Q33: Koordinator Kampanye | R33: Konfirmasi pagu dan realisasi anggaran | S33: Dummy | T33: Dummy | U33: Dummy | V33: =IF(OR(S33="Dummy",T33="Dummy",U33="Dummy"),"Mengandung Dummy",IF(OR(S33="Turunan",T33="Turunan",U33="Turunan"),"Turunan Laporan","Laporan")) -> Mengandung Dummy
A34: IND-027 | B34: 46203 | C34: A5 | D34: Passenger & Public Awareness Campaign | E34: Activity | F34: Pemasangan stiker di bus dilaksanakan | G34: Lokasi pemasangan stiker | H34: Jumlah lokasi pemasangan stiker keselamatan | I34: 0 | J34: 3 | K34: 3 | L34: lokasi | M34: =IFERROR(K34/J34,0) -> 1 | N34: =IF(K34="","Belum Ada Data",IF(M34>=1,"Tercapai",IF(M34>=0.8,"In Progress","Perlu Perhatian"))) -> Tercapai | O34: Activity 2.jpeg – A5 | P34: Bulanan | Q34: Koordinator Kampanye | R34: Lampirkan lokasi dan dokumentasi | S34: Dummy | T34: Dummy | U34: Laporan | V34: =IF(OR(S34="Dummy",T34="Dummy",U34="Dummy"),"Mengandung Dummy",IF(OR(S34="Turunan",T34="Turunan",U34="Turunan"),"Turunan Laporan","Laporan")) -> Mengandung Dummy
A35: IND-028 | B35: 46203 | C35: A5 | D35: Passenger & Public Awareness Campaign | E35: Activity | F35: Diklat keselamatan angkutan umum dilaksanakan | G35: Kegiatan diklat pengemudi dan awak | H35: Jumlah kegiatan diklat yang selesai | I35: 0 | J35: 1 | K35: 1 | L35: kegiatan | M35: =IFERROR(K35/J35,0) -> 1 | N35: =IF(K35="","Belum Ada Data",IF(M35>=1,"Tercapai",IF(M35>=0.8,"In Progress","Perlu Perhatian"))) -> Tercapai | O35: Activity 2.jpeg – A5 | P35: Bulanan | Q35: Koordinator Kampanye | R35: Simpan agenda dan materi | S35: Dummy | T35: Dummy | U35: Laporan | V35: =IF(OR(S35="Dummy",T35="Dummy",U35="Dummy"),"Mengandung Dummy",IF(OR(S35="Turunan",T35="Turunan",U35="Turunan"),"Turunan Laporan","Laporan")) -> Mengandung Dummy
A36: IND-029 | B36: 46203 | C36: A5 | D36: Passenger & Public Awareness Campaign | E36: Output | F36: Kampanye keselamatan di terminal dan perusahaan otobus; glorifikasi keselamatan melalui media sosial, event, dan publikasi. | G36: Stiker keselamatan terpasang | H36: Jumlah stiker keselamatan yang dipasang | I36: 0 | J36: 33 | K36: 33 | L36: stiker | M36: =IFERROR(K36/J36,0) -> 1 | N36: =IF(K36="","Belum Ada Data",IF(M36>=1,"Tercapai",IF(M36>=0.8,"In Progress","Perlu Perhatian"))) -> Tercapai | O36: Activity 2.jpeg – A5 | P36: Bulanan | Q36: Koordinator Kampanye | R36: Catat armada dan estimasi jangkauan | S36: Dummy | T36: Dummy | U36: Laporan | V36: =IF(OR(S36="Dummy",T36="Dummy",U36="Dummy"),"Mengandung Dummy",IF(OR(S36="Turunan",T36="Turunan",U36="Turunan"),"Turunan Laporan","Laporan")) -> Mengandung Dummy | W36: Target naratif: Key Activity Breakdown 4.jpeg.
A37: IND-030 | B37: 46203 | C37: A5 | D37: Passenger & Public Awareness Campaign | E37: Output | F37: Kampanye keselamatan di terminal dan perusahaan otobus; glorifikasi keselamatan melalui media sosial, event, dan publikasi. | G37: Peserta diklat | H37: Jumlah peserta yang mengikuti diklat | I37: 0 | J37: 60 | K37: 60 | L37: peserta | M37: =IFERROR(K37/J37,0) -> 1 | N37: =IF(K37="","Belum Ada Data",IF(M37>=1,"Tercapai",IF(M37>=0.8,"In Progress","Perlu Perhatian"))) -> Tercapai | O37: Activity 2.jpeg – A5 | P37: Bulanan | Q37: Koordinator Kampanye | R37: Simpan daftar hadir dan hasil tes | S37: Dummy | T37: Dummy | U37: Laporan | V37: =IF(OR(S37="Dummy",T37="Dummy",U37="Dummy"),"Mengandung Dummy",IF(OR(S37="Turunan",T37="Turunan",U37="Turunan"),"Turunan Laporan","Laporan")) -> Mengandung Dummy | W37: Target naratif: Key Activity Breakdown 4.jpeg.
A38: IND-031 | B38: 46203 | C38: A5 | D38: Passenger & Public Awareness Campaign | E38: Outcome | F38: Masyarakat lebih peduli dan sadar terhadap keselamatan berkendara dan sebagai penumpang transportasi umum. | G38: Peserta dengan kenaikan skor pengetahuan ≥20% | H38: Persentase peserta dengan kenaikan skor sesuai ambang | I38: 0.5 | J38: 0.75 | K38: 0.71 | L38: % peserta | M38: =IFERROR(K38/J38,0) -> 0.94666667 | N38: =IF(K38="","Belum Ada Data",IF(M38>=1,"Tercapai",IF(M38>=0.8,"In Progress","Perlu Perhatian"))) -> In Progress | O38: Belum ada pre/post-test | P38: Triwulanan | Q38: Koordinator Kampanye | R38: Tambahkan pre/post-test dan survei paparan | S38: Dummy | T38: Dummy | U38: Dummy | V38: =IF(OR(S38="Dummy",T38="Dummy",U38="Dummy"),"Mengandung Dummy",IF(OR(S38="Turunan",T38="Turunan",U38="Turunan"),"Turunan Laporan","Laporan")) -> Mengandung Dummy | W38: Target naratif: Key Activity Breakdown 4.jpeg.
A39: IND-032 | B39: 46203 | C39: A5 | D39: Passenger & Public Awareness Campaign | E39: Impact | F39: Efektivitas Pelaksanaan Forum Keselamatan Lalu Lintas 100% terlaksana (Kolaborasi Ekosistem) | G39: Penurunan insiden armada sasaran | H39: Persentase penurunan insiden pada armada yang dijangkau | I39: 0 | J39: 0.08 | K39: 0.04 | L39: % penurunan | M39: =IFERROR(K39/J39,0) -> 0.5 | N39: =IF(K39="","Belum Ada Data",IF(M39>=1,"Tercapai",IF(M39>=0.8,"In Progress","Perlu Perhatian"))) -> Perlu Perhatian | O39: Belum ada data insiden armada | P39: Semesteran | Q39: Koordinator Kampanye | R39: Minta data insiden dari operator | S39: Dummy | T39: Dummy | U39: Dummy | V39: =IF(OR(S39="Dummy",T39="Dummy",U39="Dummy"),"Mengandung Dummy",IF(OR(S39="Turunan",T39="Turunan",U39="Turunan"),"Turunan Laporan","Laporan")) -> Mengandung Dummy | W39: Target naratif: Strategic Alignment 2.jpeg. Pemetaan impact perlu konfirmasi klien; skor memakai indikator impact Tracker sebagai proxy sampai KPI strategis diisi.
A40: IND-033 | B40: 46203 | C40: A6 | D40: Community & Village Road Safety Moment | E40: Input | F40: Sumber daya edukasi komunitas dan PPGD tersedia | G40: Anggaran program tersedia | H40: Anggaran yang dialokasikan dan direalisasikan untuk program komunitas | I40: 0 | J40: 45 | K40: 40 | L40: Rp juta | M40: =IFERROR(K40/J40,0) -> 0.88888889 | N40: =IF(K40="","Belum Ada Data",IF(M40>=1,"Tercapai",IF(M40>=0.8,"In Progress","Perlu Perhatian"))) -> In Progress | O40: Belum ada di laporan | P40: Bulanan | Q40: Koordinator Komunitas | R40: Konfirmasi pagu dan realisasi anggaran | S40: Dummy | T40: Dummy | U40: Dummy | V40: =IF(OR(S40="Dummy",T40="Dummy",U40="Dummy"),"Mengandung Dummy",IF(OR(S40="Turunan",T40="Turunan",U40="Turunan"),"Turunan Laporan","Laporan")) -> Mengandung Dummy
A41: IND-034 | B41: 46203 | C41: A6 | D41: Community & Village Road Safety Moment | E41: Activity | F41: Kampanye keselamatan saat survei korban dilaksanakan | G41: Sesi kampanye pada survei korban/ahli waris | H41: Jumlah sesi kampanye yang terdokumentasi | I41: 0 | J41: 20 | K41: 18 | L41: sesi | M41: =IFERROR(K41/J41,0) -> 0.9 | N41: =IF(K41="","Belum Ada Data",IF(M41>=1,"Tercapai",IF(M41>=0.8,"In Progress","Perlu Perhatian"))) -> In Progress | O41: Activity 2.jpeg – A6 (tanpa jumlah) | P41: Bulanan | Q41: Koordinator Komunitas | R41: Rekap jumlah survei dan bukti pemberian pesan | S41: Dummy | T41: Dummy | U41: Dummy | V41: =IF(OR(S41="Dummy",T41="Dummy",U41="Dummy"),"Mengandung Dummy",IF(OR(S41="Turunan",T41="Turunan",U41="Turunan"),"Turunan Laporan","Laporan")) -> Mengandung Dummy
A42: IND-035 | B42: 46203 | C42: A6 | D42: Community & Village Road Safety Moment | E42: Activity | F42: Sosialisasi keselamatan tingkat desa dilaksanakan | G42: Kelurahan/desa dengan spanduk keselamatan | H42: Jumlah kelurahan/desa yang memasang spanduk | I42: 0 | J42: 5 | K42: 4 | L42: wilayah | M42: =IFERROR(K42/J42,0) -> 0.8 | N42: =IF(K42="","Belum Ada Data",IF(M42>=1,"Tercapai",IF(M42>=0.8,"In Progress","Perlu Perhatian"))) -> In Progress | O42: Activity 2.jpeg – A6 (beberapa kelurahan) | P42: Bulanan | Q42: Koordinator Komunitas | R42: Ganti angka dummy dengan daftar wilayah | S42: Dummy | T42: Dummy | U42: Dummy | V42: =IF(OR(S42="Dummy",T42="Dummy",U42="Dummy"),"Mengandung Dummy",IF(OR(S42="Turunan",T42="Turunan",U42="Turunan"),"Turunan Laporan","Laporan")) -> Mengandung Dummy
A43: IND-036 | B43: 46203 | C43: A6 | D43: Community & Village Road Safety Moment | E43: Output | F43: Kampanye keselamatan di komunitas; safety talk komunitas & ahli waris; pemetaan desa dengan korban kecelakaan tertinggi; sosialisasi keselamatan bagi perangkat desa. | G43: Kegiatan PPGD | H43: Jumlah kegiatan PPGD yang terlaksana | I43: 0 | J43: 17 | K43: 17 | L43: kegiatan | M43: =IFERROR(K43/J43,0) -> 1 | N43: =IF(K43="","Belum Ada Data",IF(M43>=1,"Tercapai",IF(M43>=0.8,"In Progress","Perlu Perhatian"))) -> Tercapai | O43: Activity 2.jpeg – A6 | P43: Bulanan | Q43: Koordinator Komunitas | R43: Rekonsiliasi peserta dan materi | S43: Dummy | T43: Dummy | U43: Laporan | V43: =IF(OR(S43="Dummy",T43="Dummy",U43="Dummy"),"Mengandung Dummy",IF(OR(S43="Turunan",T43="Turunan",U43="Turunan"),"Turunan Laporan","Laporan")) -> Mengandung Dummy | W43: Target naratif: Key Activity Breakdown 4.jpeg.
A44: IND-037 | B44: 46203 | C44: A6 | D44: Community & Village Road Safety Moment | E44: Output | F44: Kampanye keselamatan di komunitas; safety talk komunitas & ahli waris; pemetaan desa dengan korban kecelakaan tertinggi; sosialisasi keselamatan bagi perangkat desa. | G44: Loket pelaksana PPGD | H44: Jumlah loket yang melaksanakan PPGD | I44: 0 | J44: 8 | K44: 8 | L44: loket | M44: =IFERROR(K44/J44,0) -> 1 | N44: =IF(K44="","Belum Ada Data",IF(M44>=1,"Tercapai",IF(M44>=0.8,"In Progress","Perlu Perhatian"))) -> Tercapai | O44: Activity 2.jpeg – A6 | P44: Bulanan | Q44: Koordinator Komunitas | R44: Simpan daftar loket | S44: Dummy | T44: Dummy | U44: Laporan | V44: =IF(OR(S44="Dummy",T44="Dummy",U44="Dummy"),"Mengandung Dummy",IF(OR(S44="Turunan",T44="Turunan",U44="Turunan"),"Turunan Laporan","Laporan")) -> Mengandung Dummy | W44: Target naratif: Key Activity Breakdown 4.jpeg.
A45: IND-038 | B45: 46203 | C45: A6 | D45: Community & Village Road Safety Moment | E45: Outcome | F45: Perangkat desa aktif menyampaikan pesan keselamatan kepada masyarakat desa; masyarakat paham dan aktif menyuarakan keselamatan lalu lintas. | G45: Peserta lulus simulasi PPGD | H45: Persentase peserta yang memenuhi standar simulasi | I45: 0.4 | J45: 0.7 | K45: 0.62 | L45: % peserta | M45: =IFERROR(K45/J45,0) -> 0.88571429 | N45: =IF(K45="","Belum Ada Data",IF(M45>=1,"Tercapai",IF(M45>=0.8,"In Progress","Perlu Perhatian"))) -> In Progress | O45: Belum ada penilaian kompetensi | P45: Triwulanan | Q45: Koordinator Komunitas | R45: Gunakan checklist simulasi seragam | S45: Dummy | T45: Dummy | U45: Dummy | V45: =IF(OR(S45="Dummy",T45="Dummy",U45="Dummy"),"Mengandung Dummy",IF(OR(S45="Turunan",T45="Turunan",U45="Turunan"),"Turunan Laporan","Laporan")) -> Mengandung Dummy | W45: Target naratif: Key Activity Breakdown 4.jpeg.
A46: IND-039 | B46: 46203 | C46: A6 | D46: Community & Village Road Safety Moment | E46: Impact | F46: Kecepatan Kepastian Jaminan Wilayah/Cabang (Pelayanan Publik) | G46: Perbaikan waktu respons awal | H46: Persentase perbaikan median waktu respons | I46: 0 | J46: 0.15 | K46: 0.09 | L46: % perbaikan | M46: =IFERROR(K46/J46,0) -> 0.6 | N46: =IF(K46="","Belum Ada Data",IF(M46>=1,"Tercapai",IF(M46>=0.8,"In Progress","Perlu Perhatian"))) -> Perlu Perhatian | O46: Belum ada data waktu respons | P46: Semesteran | Q46: Koordinator Komunitas | R46: Catat waktu kejadian–pertolongan | S46: Dummy | T46: Dummy | U46: Dummy | V46: =IF(OR(S46="Dummy",T46="Dummy",U46="Dummy"),"Mengandung Dummy",IF(OR(S46="Turunan",T46="Turunan",U46="Turunan"),"Turunan Laporan","Laporan")) -> Mengandung Dummy | W46: Target naratif: Strategic Alignment 2.jpeg. Pemetaan impact perlu konfirmasi klien; skor memakai indikator impact Tracker sebagai proxy sampai KPI strategis diisi.
A47: IND-040 | B47: 46203 | C47: A7 | D47: Stakeholder Collaborative Action | E47: Output | F47: Sharing & Caring RS; Forum Lalu Lintas Angkutan Jalan (FLLAJ); aksi simpatik. | G47: Kegiatan FKLLJ/FLLAJ | H47: Jumlah kegiatan forum yang terlaksana pada Juni 2026 | I47: 0 | J47: 17 | K47: 17 | L47: kegiatan | M47: =IFERROR(K47/J47,0) -> 1 | N47: =IF(K47="","Belum Ada Data",IF(M47>=1,"Tercapai",IF(M47>=0.8,"In Progress","Perlu Perhatian"))) -> Tercapai | O47: Activity 3.jpeg – A7 | P47: Bulanan | Q47: Koordinator Kemitraan | R47: Simpan notulen dan daftar tindak lanjut | S47: Dummy | T47: Dummy | U47: Laporan | V47: =IF(OR(S47="Dummy",T47="Dummy",U47="Dummy"),"Mengandung Dummy",IF(OR(S47="Turunan",T47="Turunan",U47="Turunan"),"Turunan Laporan","Laporan")) -> Mengandung Dummy | W47: Target naratif: Key Activity Breakdown 3.jpeg.
A48: IND-041 | B48: 46203 | C48: A7 | D48: Stakeholder Collaborative Action | E48: Output | F48: Sharing & Caring RS; Forum Lalu Lintas Angkutan Jalan (FLLAJ); aksi simpatik. | G48: Loket pelaksana FKLLJ/FLLAJ | H48: Jumlah loket yang melaksanakan kegiatan forum | I48: 0 | J48: 8 | K48: 8 | L48: loket | M48: =IFERROR(K48/J48,0) -> 1 | N48: =IF(K48="","Belum Ada Data",IF(M48>=1,"Tercapai",IF(M48>=0.8,"In Progress","Perlu Perhatian"))) -> Tercapai | O48: Activity 3.jpeg – A7 | P48: Bulanan | Q48: Koordinator Kemitraan | R48: Simpan daftar loket | S48: Dummy | T48: Dummy | U48: Laporan | V48: =IF(OR(S48="Dummy",T48="Dummy",U48="Dummy"),"Mengandung Dummy",IF(OR(S48="Turunan",T48="Turunan",U48="Turunan"),"Turunan Laporan","Laporan")) -> Mengandung Dummy | W48: Target naratif: Key Activity Breakdown 3.jpeg.
A49: IND-042 | B49: 46203 | C49: A7 | D49: Stakeholder Collaborative Action | E49: Outcome | F49: Intervensi setiap stakeholder tepat sasaran di masyarakat; masyarakat patuh dan sadar berkendara. | G49: Komitmen kolaborasi selesai ditindaklanjuti | H49: Persentase butir tindak lanjut yang selesai sesuai tenggat | I49: 0.35 | J49: 0.7 | K49: 0.55 | L49: % komitmen | M49: =IFERROR(K49/J49,0) -> 0.78571429 | N49: =IF(K49="","Belum Ada Data",IF(M49>=1,"Tercapai",IF(M49>=0.8,"In Progress","Perlu Perhatian"))) -> Perlu Perhatian | O49: Belum ada register tindak lanjut | P49: Triwulanan | Q49: Koordinator Kemitraan | R49: Buat register aksi, PIC, dan tenggat | S49: Dummy | T49: Dummy | U49: Dummy | V49: =IF(OR(S49="Dummy",T49="Dummy",U49="Dummy"),"Mengandung Dummy",IF(OR(S49="Turunan",T49="Turunan",U49="Turunan"),"Turunan Laporan","Laporan")) -> Mengandung Dummy | W49: Target naratif: Key Activity Breakdown 3.jpeg.
A50: IND-043 | B50: 46203 | C50: A7 | D50: Stakeholder Collaborative Action | E50: Impact | F50: Efektivitas Pelaksanaan Forum Keselamatan Lalu Lintas 100% terlaksana (Kolaborasi Ekosistem) | G50: Aksi kolaboratif dengan hasil terverifikasi | H50: Persentase aksi kolaboratif yang menunjukkan hasil keselamatan | I50: 0.25 | J50: 0.6 | K50: 0.45 | L50: % aksi | M50: =IFERROR(K50/J50,0) -> 0.75 | N50: =IF(K50="","Belum Ada Data",IF(M50>=1,"Tercapai",IF(M50>=0.8,"In Progress","Perlu Perhatian"))) -> Perlu Perhatian | O50: Belum ada evaluasi kontribusi | P50: Semesteran | Q50: Koordinator Kemitraan | R50: Dokumentasikan hasil dan kontribusi mitra | S50: Dummy | T50: Dummy | U50: Dummy | V50: =IF(OR(S50="Dummy",T50="Dummy",U50="Dummy"),"Mengandung Dummy",IF(OR(S50="Turunan",T50="Turunan",U50="Turunan"),"Turunan Laporan","Laporan")) -> Mengandung Dummy | W50: Target naratif: Strategic Alignment 2.jpeg. Pemetaan impact perlu konfirmasi klien; skor memakai indikator impact Tracker sebagai proxy sampai KPI strategis diisi.
A51: IND-044 | B51: 46203 | C51: A7 | D51: Stakeholder Collaborative Action | E51: Input | F51: Sumber daya koordinasi lintas pemangku kepentingan tersedia | G51: Anggaran program tersedia | H51: Anggaran yang dialokasikan dan direalisasikan untuk kolaborasi | I51: 0 | J51: 35 | K51: 30 | L51: Rp juta | M51: =IFERROR(K51/J51,0) -> 0.85714286 | N51: =IF(K51="","Belum Ada Data",IF(M51>=1,"Tercapai",IF(M51>=0.8,"In Progress","Perlu Perhatian"))) -> In Progress | O51: Belum ada di laporan | P51: Bulanan | Q51: Koordinator Kemitraan | R51: Konfirmasi pagu dan realisasi anggaran | S51: Dummy | T51: Dummy | U51: Dummy | V51: =IF(OR(S51="Dummy",T51="Dummy",U51="Dummy"),"Mengandung Dummy",IF(OR(S51="Turunan",T51="Turunan",U51="Turunan"),"Turunan Laporan","Laporan")) -> Mengandung Dummy
A52: IND-045 | B52: 46203 | C52: A7 | D52: Stakeholder Collaborative Action | E52: Activity | F52: Sharing and Caring bersama rumah sakit dilaksanakan | G52: Loket melaksanakan Sharing and Caring | H52: Jumlah loket yang melaksanakan kegiatan Januari–Juni | I52: 0 | J52: 8 | K52: 6 | L52: loket | M52: =IFERROR(K52/J52,0) -> 0.75 | N52: =IF(K52="","Belum Ada Data",IF(M52>=1,"Tercapai",IF(M52>=0.8,"In Progress","Perlu Perhatian"))) -> Perlu Perhatian | O52: Activity 3.jpeg – A7 (nilai X) | P52: Bulanan | Q52: Koordinator Kemitraan | R52: Ganti nilai X dengan rekap loket | S52: Dummy | T52: Dummy | U52: Dummy | V52: =IF(OR(S52="Dummy",T52="Dummy",U52="Dummy"),"Mengandung Dummy",IF(OR(S52="Turunan",T52="Turunan",U52="Turunan"),"Turunan Laporan","Laporan")) -> Mengandung Dummy
A53: IND-046 | B53: 46203 | C53: A7 | D53: Stakeholder Collaborative Action | E53: Activity | F53: Aksi simpatik bersama mitra dilaksanakan | G53: Loket melaksanakan aksi simpatik | H53: Jumlah loket yang melaksanakan aksi bersama mitra | I53: 0 | J53: 8 | K53: 5 | L53: loket | M53: =IFERROR(K53/J53,0) -> 0.625 | N53: =IF(K53="","Belum Ada Data",IF(M53>=1,"Tercapai",IF(M53>=0.8,"In Progress","Perlu Perhatian"))) -> Perlu Perhatian | O53: Activity 3.jpeg – A7 (nilai X) | P53: Bulanan | Q53: Koordinator Kemitraan | R53: Ganti nilai X dengan rekap loket | S53: Dummy | T53: Dummy | U53: Dummy | V53: =IF(OR(S53="Dummy",T53="Dummy",U53="Dummy"),"Mengandung Dummy",IF(OR(S53="Turunan",T53="Turunan",U53="Turunan"),"Turunan Laporan","Laporan")) -> Mengandung Dummy
A54: IND-047 | B54: 46203 | C54: A8 | D54: Monitoring, Review & Impact Evaluation | E54: Input | F54: Data monitoring dan tim evaluasi tersedia | G54: Laporan monitoring program tersedia | H54: Jumlah laporan monitoring bulanan yang terkumpul | I54: 0 | J54: 12 | K54: 6 | L54: laporan | M54: =IFERROR(K54/J54,0) -> 0.5 | N54: =IF(K54="","Belum Ada Data",IF(M54>=1,"Tercapai",IF(M54>=0.8,"In Progress","Perlu Perhatian"))) -> Perlu Perhatian | O54: Blueprint 3.jpeg – A8 | P54: Bulanan | Q54: Leader, Pelayanan, Change Catalyst dan Keuangan | R54: Tetapkan format pelaporan seragam untuk 12 program | S54: Dummy | T54: Dummy | U54: Dummy | V54: =IF(OR(S54="Dummy",T54="Dummy",U54="Dummy"),"Mengandung Dummy",IF(OR(S54="Turunan",T54="Turunan",U54="Turunan"),"Turunan Laporan","Laporan")) -> Mengandung Dummy
A55: IND-048 | B55: 46203 | C55: A8 | D55: Monitoring, Review & Impact Evaluation | E55: Activity | F55: Review dan evaluasi dampak dilaksanakan berkala | G55: Siklus review terlaksana | H55: Jumlah siklus review April, Juli, Oktober, dan Desember | I55: 0 | J55: 4 | K55: 1 | L55: siklus | M55: =IFERROR(K55/J55,0) -> 0.25 | N55: =IF(K55="","Belum Ada Data",IF(M55>=1,"Tercapai",IF(M55>=0.8,"In Progress","Perlu Perhatian"))) -> Perlu Perhatian | O55: Blueprint 3.jpeg – A8 | P55: Triwulanan | Q55: Leader, Pelayanan, Change Catalyst dan Keuangan | R55: Lampirkan agenda, notulen, dan keputusan | S55: Dummy | T55: Blueprint | U55: Dummy | V55: =IF(OR(S55="Dummy",T55="Dummy",U55="Dummy"),"Mengandung Dummy",IF(OR(S55="Turunan",T55="Turunan",U55="Turunan"),"Turunan Laporan","Laporan")) -> Mengandung Dummy
A56: IND-049 | B56: 46203 | C56: A8 | D56: Monitoring, Review & Impact Evaluation | E56: Output | F56: Laporan evaluasi Program JAWA TIMUR; rekomendasi program lanjutan; pengambilan keputusan berbasis data evaluasi. | G56: Deliverable evaluasi tersedia | H56: Jumlah deliverable: laporan evaluasi, rekomendasi, dan keputusan berbasis data | I56: 0 | J56: 3 | K56: 1 | L56: deliverable | M56: =IFERROR(K56/J56,0) -> 0.33333333 | N56: =IF(K56="","Belum Ada Data",IF(M56>=1,"Tercapai",IF(M56>=0.8,"In Progress","Perlu Perhatian"))) -> Perlu Perhatian | O56: Blueprint 3.jpeg – A8 | P56: Triwulanan | Q56: Leader, Pelayanan, Change Catalyst dan Keuangan | R56: Hubungkan rekomendasi dengan keputusan pimpinan | S56: Dummy | T56: Blueprint | U56: Dummy | V56: =IF(OR(S56="Dummy",T56="Dummy",U56="Dummy"),"Mengandung Dummy",IF(OR(S56="Turunan",T56="Turunan",U56="Turunan"),"Turunan Laporan","Laporan")) -> Mengandung Dummy | W56: Target naratif: Key Activity Breakdown 3.jpeg.
A57: IND-050 | B57: 46203 | C57: A8 | D57: Monitoring, Review & Impact Evaluation | E57: Outcome | F57: Organisasi menggunakan data untuk meningkatkan program kesamsatan. | G57: Keputusan program berbasis data | H57: Persentase keputusan program yang merujuk pada data evaluasi | I57: 0 | J57: 0.8 | K57: 0.5 | L57: % keputusan | M57: =IFERROR(K57/J57,0) -> 0.625 | N57: =IF(K57="","Belum Ada Data",IF(M57>=1,"Tercapai",IF(M57>=0.8,"In Progress","Perlu Perhatian"))) -> Perlu Perhatian | O57: Blueprint 3.jpeg – A8 | P57: Triwulanan | Q57: Leader, Pelayanan, Change Catalyst dan Keuangan | R57: Tambahkan evidence link pada register keputusan | S57: Dummy | T57: Dummy | U57: Dummy | V57: =IF(OR(S57="Dummy",T57="Dummy",U57="Dummy"),"Mengandung Dummy",IF(OR(S57="Turunan",T57="Turunan",U57="Turunan"),"Turunan Laporan","Laporan")) -> Mengandung Dummy | W57: Target naratif: Key Activity Breakdown 3.jpeg.
A58: IND-051 | B58: 46203 | C58: A8 | D58: Monitoring, Review & Impact Evaluation | E58: Impact | F58: Anev Pelayanan Luar Biasa 100% (Agility & Learning) | G58: Perbaikan program ditindaklanjuti | H58: Persentase rekomendasi perbaikan yang selesai | I58: 0 | J58: 0.7 | K58: 0.4 | L58: % rekomendasi | M58: =IFERROR(K58/J58,0) -> 0.57142857 | N58: =IF(K58="","Belum Ada Data",IF(M58>=1,"Tercapai",IF(M58>=0.8,"In Progress","Perlu Perhatian"))) -> Perlu Perhatian | O58: Blueprint 3.jpeg – A8 | P58: Semesteran | Q58: Leader, Pelayanan, Change Catalyst dan Keuangan | R58: Pantau tindak lanjut lintas program | S58: Dummy | T58: Dummy | U58: Dummy | V58: =IF(OR(S58="Dummy",T58="Dummy",U58="Dummy"),"Mengandung Dummy",IF(OR(S58="Turunan",T58="Turunan",U58="Turunan"),"Turunan Laporan","Laporan")) -> Mengandung Dummy | W58: Target naratif: Strategic Alignment 2.jpeg. Pemetaan impact perlu konfirmasi klien; skor memakai indikator impact Tracker sebagai proxy sampai KPI strategis diisi.
A59: IND-052 | B59: 46203 | C59: A9 | D59: Personal Growth & Digital Skills | E59: Input | F59: Kontributor dan perangkat digital tersedia | G59: Unit/PIC pendukung terlibat | H59: Jumlah unit/PIC yang terlibat sesuai blueprint | I59: 0 | J59: 5 | K59: 4 | L59: unit | M59: =IFERROR(K59/J59,0) -> 0.8 | N59: =IF(K59="","Belum Ada Data",IF(M59>=1,"Tercapai",IF(M59>=0.8,"In Progress","Perlu Perhatian"))) -> In Progress | O59: Blueprint 1.jpeg – A9 | P59: Bulanan | Q59: Change Catalyst, Sub Bagian HC & Umum, Cabang Bojonegoro, Probolinggo, Madiun | R59: Konfirmasi daftar kontributor dan dukungan perangkat | S59: Dummy | T59: Blueprint | U59: Dummy | V59: =IF(OR(S59="Dummy",T59="Dummy",U59="Dummy"),"Mengandung Dummy",IF(OR(S59="Turunan",T59="Turunan",U59="Turunan"),"Turunan Laporan","Laporan")) -> Mengandung Dummy
A60: IND-053 | B60: 46203 | C60: A9 | D60: Personal Growth & Digital Skills | E60: Activity | F60: Sesi personal growth dan digital skills dilaksanakan | G60: Siklus kegiatan terlaksana | H60: Jumlah siklus Mei, Juli, dan November yang terlaksana | I60: 0 | J60: 3 | K60: 1 | L60: siklus | M60: =IFERROR(K60/J60,0) -> 0.33333333 | N60: =IF(K60="","Belum Ada Data",IF(M60>=1,"Tercapai",IF(M60>=0.8,"In Progress","Perlu Perhatian"))) -> Perlu Perhatian | O60: Blueprint 1.jpeg – A9 | P60: Bulanan | Q60: Change Catalyst, Sub Bagian HC & Umum, Cabang Bojonegoro, Probolinggo, Madiun | R60: Lampirkan agenda dan daftar hadir | S60: Dummy | T60: Blueprint | U60: Dummy | V60: =IF(OR(S60="Dummy",T60="Dummy",U60="Dummy"),"Mengandung Dummy",IF(OR(S60="Turunan",T60="Turunan",U60="Turunan"),"Turunan Laporan","Laporan")) -> Mengandung Dummy
A61: IND-054 | B61: 46203 | C61: A9 | D61: Personal Growth & Digital Skills | E61: Output | F61: Ide dan draft content creation. | G61: Deliverable content creation | H61: Jumlah ide dan draft yang tersedia | I61: 0 | J61: 2 | K61: 1 | L61: deliverable | M61: =IFERROR(K61/J61,0) -> 0.5 | N61: =IF(K61="","Belum Ada Data",IF(M61>=1,"Tercapai",IF(M61>=0.8,"In Progress","Perlu Perhatian"))) -> Perlu Perhatian | O61: Blueprint 1.jpeg – A9 | P61: Bulanan | Q61: Change Catalyst, Sub Bagian HC & Umum, Cabang Bojonegoro, Probolinggo, Madiun | R61: Tautkan ide/draft dan pemiliknya | S61: Dummy | T61: Blueprint | U61: Dummy | V61: =IF(OR(S61="Dummy",T61="Dummy",U61="Dummy"),"Mengandung Dummy",IF(OR(S61="Turunan",T61="Turunan",U61="Turunan"),"Turunan Laporan","Laporan")) -> Mengandung Dummy | W61: Target naratif: Key Activity Breakdown 1.jpeg.
A62: IND-055 | B62: 46203 | C62: A9 | D62: Personal Growth & Digital Skills | E62: Outcome | F62: Ide atau praktik kerja dibagikan dan mulai dicoba atau diadaptasi oleh unit lain; peningkatan skill pegawai terdokumentasi. | G62: Unit mencoba praktik dari NEXTalk | H62: Jumlah unit yang mencoba praktik atau desain yang dibagikan | I62: 0 | J62: 3 | K62: 1 | L62: unit | M62: =IFERROR(K62/J62,0) -> 0.33333333 | N62: =IF(K62="","Belum Ada Data",IF(M62>=1,"Tercapai",IF(M62>=0.8,"In Progress","Perlu Perhatian"))) -> Perlu Perhatian | O62: Blueprint 1.jpeg – A9 | P62: Triwulanan | Q62: Change Catalyst, Sub Bagian HC & Umum, Cabang Bojonegoro, Probolinggo, Madiun | R62: Kumpulkan bukti uji coba dan pembelajaran | S62: Dummy | T62: Dummy | U62: Dummy | V62: =IF(OR(S62="Dummy",T62="Dummy",U62="Dummy"),"Mengandung Dummy",IF(OR(S62="Turunan",T62="Turunan",U62="Turunan"),"Turunan Laporan","Laporan")) -> Mengandung Dummy | W62: Target naratif: Key Activity Breakdown 1.jpeg.
A63: IND-056 | B63: 46203 | C63: A9 | D63: Personal Growth & Digital Skills | E63: Impact | F63: GAP Kompetensi Pegawai Organik <30% (Learning & Growth) | G63: Pegawai dengan peningkatan skill terdokumentasi | H63: Persentase peserta dengan bukti peningkatan skill | I63: 0 | J63: 0.7 | K63: 0.45 | L63: % peserta | M63: =IFERROR(K63/J63,0) -> 0.64285714 | N63: =IF(K63="","Belum Ada Data",IF(M63>=1,"Tercapai",IF(M63>=0.8,"In Progress","Perlu Perhatian"))) -> Perlu Perhatian | O63: Blueprint 1.jpeg – A9 | P63: Semesteran | Q63: Change Catalyst, Sub Bagian HC & Umum, Cabang Bojonegoro, Probolinggo, Madiun | R63: Gunakan asesmen sebelum–sesudah atau portofolio | S63: Dummy | T63: Dummy | U63: Dummy | V63: =IF(OR(S63="Dummy",T63="Dummy",U63="Dummy"),"Mengandung Dummy",IF(OR(S63="Turunan",T63="Turunan",U63="Turunan"),"Turunan Laporan","Laporan")) -> Mengandung Dummy | W63: Target naratif: Strategic Alignment 1.jpeg. Pemetaan impact perlu konfirmasi klien; skor memakai indikator impact Tracker sebagai proxy sampai KPI strategis diisi.
A64: IND-057 | B64: 46203 | C64: A10 | D64: Leadership & Collaboration | E64: Input | F64: Kontributor leadership dan dukungan unit tersedia | G64: Unit/PIC pendukung terlibat | H64: Jumlah unit/PIC yang terlibat sesuai blueprint | I64: 0 | J64: 6 | K64: 5 | L64: unit | M64: =IFERROR(K64/J64,0) -> 0.83333333 | N64: =IF(K64="","Belum Ada Data",IF(M64>=1,"Tercapai",IF(M64>=0.8,"In Progress","Perlu Perhatian"))) -> In Progress | O64: Blueprint 2.jpeg – A10 | P64: Bulanan | Q64: Change Catalyst, Sub Bagian HC & Umum, Cabang Malang, Jember, Surabaya, Bagian Administrasi | R64: Konfirmasi speaker dan dukungan unit | S64: Dummy | T64: Blueprint | U64: Dummy | V64: =IF(OR(S64="Dummy",T64="Dummy",U64="Dummy"),"Mengandung Dummy",IF(OR(S64="Turunan",T64="Turunan",U64="Turunan"),"Turunan Laporan","Laporan")) -> Mengandung Dummy
A65: IND-058 | B65: 46203 | C65: A10 | D65: Leadership & Collaboration | E65: Activity | F65: Sesi leadership dan collaboration dilaksanakan | G65: Sesi NEXTalk terlaksana | H65: Jumlah sesi pada Januari–Maret dan Oktober | I65: 0 | J65: 4 | K65: 3 | L65: sesi | M65: =IFERROR(K65/J65,0) -> 0.75 | N65: =IF(K65="","Belum Ada Data",IF(M65>=1,"Tercapai",IF(M65>=0.8,"In Progress","Perlu Perhatian"))) -> Perlu Perhatian | O65: Blueprint 2.jpeg – A10 | P65: Bulanan | Q65: Change Catalyst, Sub Bagian HC & Umum, Cabang Malang, Jember, Surabaya, Bagian Administrasi | R65: Lampirkan materi dan daftar hadir | S65: Dummy | T65: Blueprint | U65: Dummy | V65: =IF(OR(S65="Dummy",T65="Dummy",U65="Dummy"),"Mengandung Dummy",IF(OR(S65="Turunan",T65="Turunan",U65="Turunan"),"Turunan Laporan","Laporan")) -> Mengandung Dummy
A66: IND-059 | B66: 46203 | C66: A10 | D66: Leadership & Collaboration | E66: Output | F66: Materi sharing session dan implementasi leadership pegawai. | G66: Deliverable leadership tersedia | H66: Jumlah deliverable materi sharing dan implementasi | I66: 0 | J66: 2 | K66: 1 | L66: deliverable | M66: =IFERROR(K66/J66,0) -> 0.5 | N66: =IF(K66="","Belum Ada Data",IF(M66>=1,"Tercapai",IF(M66>=0.8,"In Progress","Perlu Perhatian"))) -> Perlu Perhatian | O66: Blueprint 2.jpeg – A10 | P66: Bulanan | Q66: Change Catalyst, Sub Bagian HC & Umum, Cabang Malang, Jember, Surabaya, Bagian Administrasi | R66: Tautkan materi dan contoh implementasi | S66: Dummy | T66: Blueprint | U66: Dummy | V66: =IF(OR(S66="Dummy",T66="Dummy",U66="Dummy"),"Mengandung Dummy",IF(OR(S66="Turunan",T66="Turunan",U66="Turunan"),"Turunan Laporan","Laporan")) -> Mengandung Dummy | W66: Target naratif: Key Activity Breakdown 2.jpeg.
A67: IND-060 | B67: 46203 | C67: A10 | D67: Leadership & Collaboration | E67: Outcome | F67: Pegawai mulai melihat dirinya sebagai bagian dari learning community dan bersedia menjadi kontributor pembelajaran. | G67: Partisipasi pegawai pada tiap sesi | H67: Persentase pegawai yang mengikuti tiap sesi NEXTalk | I67: 0 | J67: 0.7 | K67: 0.65 | L67: % pegawai | M67: =IFERROR(K67/J67,0) -> 0.92857143 | N67: =IF(K67="","Belum Ada Data",IF(M67>=1,"Tercapai",IF(M67>=0.8,"In Progress","Perlu Perhatian"))) -> In Progress | O67: Blueprint 2.jpeg – A10 | P67: Triwulanan | Q67: Change Catalyst, Sub Bagian HC & Umum, Cabang Malang, Jember, Surabaya, Bagian Administrasi | R67: Rekonsiliasi daftar hadir dengan denominator pegawai | S67: Dummy | T67: Blueprint | U67: Dummy | V67: =IF(OR(S67="Dummy",T67="Dummy",U67="Dummy"),"Mengandung Dummy",IF(OR(S67="Turunan",T67="Turunan",U67="Turunan"),"Turunan Laporan","Laporan")) -> Mengandung Dummy | W67: Target naratif: Key Activity Breakdown 2.jpeg.
A68: IND-061 | B68: 46203 | C68: A10 | D68: Leadership & Collaboration | E68: Impact | F68: JR Next Leader menjadi narasumber minimal 1x dalam periode Jan–Nov (Internal Process) | G68: Calon speaker internal teridentifikasi | H68: Jumlah calon speaker internal yang siap berkontribusi | I68: 0 | J68: 9 | K68: 6 | L68: speaker | M68: =IFERROR(K68/J68,0) -> 0.66666667 | N68: =IF(K68="","Belum Ada Data",IF(M68>=1,"Tercapai",IF(M68>=0.8,"In Progress","Perlu Perhatian"))) -> Perlu Perhatian | O68: Blueprint 2.jpeg – A10 | P68: Semesteran | Q68: Change Catalyst, Sub Bagian HC & Umum, Cabang Malang, Jember, Surabaya, Bagian Administrasi | R68: Buat pipeline speaker dan topik | S68: Dummy | T68: Blueprint | U68: Dummy | V68: =IF(OR(S68="Dummy",T68="Dummy",U68="Dummy"),"Mengandung Dummy",IF(OR(S68="Turunan",T68="Turunan",U68="Turunan"),"Turunan Laporan","Laporan")) -> Mengandung Dummy | W68: Target naratif: Strategic Alignment 1.jpeg. Pemetaan impact perlu konfirmasi klien; skor memakai indikator impact Tracker sebagai proxy sampai KPI strategis diisi.
A69: IND-062 | B69: 46203 | C69: A11 | D69: Wellbeing & Work-Life Balance | E69: Input | F69: Fasilitator dan dukungan unit wellbeing tersedia | G69: Unit/PIC pendukung terlibat | H69: Jumlah unit/PIC yang terlibat sesuai blueprint | I69: 0 | J69: 4 | K69: 3 | L69: unit | M69: =IFERROR(K69/J69,0) -> 0.75 | N69: =IF(K69="","Belum Ada Data",IF(M69>=1,"Tercapai",IF(M69>=0.8,"In Progress","Perlu Perhatian"))) -> Perlu Perhatian | O69: Blueprint 2.jpeg – A11 | P69: Bulanan | Q69: Change Catalyst, Sub Bagian HC & Umum, Cabang Kediri, Cabang Pamekasan | R69: Konfirmasi fasilitator, materi, dan kanal komunikasi | S69: Dummy | T69: Blueprint | U69: Dummy | V69: =IF(OR(S69="Dummy",T69="Dummy",U69="Dummy"),"Mengandung Dummy",IF(OR(S69="Turunan",T69="Turunan",U69="Turunan"),"Turunan Laporan","Laporan")) -> Mengandung Dummy
A70: IND-063 | B70: 46203 | C70: A11 | D70: Wellbeing & Work-Life Balance | E70: Activity | F70: Sesi wellbeing dan work-life balance dilaksanakan | G70: Sesi terjadwal terlaksana | H70: Jumlah sesi April dan Agustus yang terlaksana | I70: 0 | J70: 2 | K70: 1 | L70: sesi | M70: =IFERROR(K70/J70,0) -> 0.5 | N70: =IF(K70="","Belum Ada Data",IF(M70>=1,"Tercapai",IF(M70>=0.8,"In Progress","Perlu Perhatian"))) -> Perlu Perhatian | O70: Blueprint 2.jpeg – A11 | P70: Bulanan | Q70: Change Catalyst, Sub Bagian HC & Umum, Cabang Kediri, Cabang Pamekasan | R70: Lampirkan agenda dan daftar hadir | S70: Dummy | T70: Blueprint | U70: Dummy | V70: =IF(OR(S70="Dummy",T70="Dummy",U70="Dummy"),"Mengandung Dummy",IF(OR(S70="Turunan",T70="Turunan",U70="Turunan"),"Turunan Laporan","Laporan")) -> Mengandung Dummy
A71: IND-064 | B71: 46203 | C71: A11 | D71: Wellbeing & Work-Life Balance | E71: Output | F71: Work-life balance toolkit dan healthy lifestyle guide. | G71: Deliverable wellbeing tersedia | H71: Jumlah toolkit dan guide yang tersedia | I71: 0 | J71: 2 | K71: 1 | L71: deliverable | M71: =IFERROR(K71/J71,0) -> 0.5 | N71: =IF(K71="","Belum Ada Data",IF(M71>=1,"Tercapai",IF(M71>=0.8,"In Progress","Perlu Perhatian"))) -> Perlu Perhatian | O71: Blueprint 2.jpeg – A11 | P71: Bulanan | Q71: Change Catalyst, Sub Bagian HC & Umum, Cabang Kediri, Cabang Pamekasan | R71: Tautkan dokumen dan bukti distribusi | S71: Dummy | T71: Blueprint | U71: Dummy | V71: =IF(OR(S71="Dummy",T71="Dummy",U71="Dummy"),"Mengandung Dummy",IF(OR(S71="Turunan",T71="Turunan",U71="Turunan"),"Turunan Laporan","Laporan")) -> Mengandung Dummy | W71: Target naratif: Key Activity Breakdown 2.jpeg.
A72: IND-065 | B72: 46203 | C72: A11 | D72: Wellbeing & Work-Life Balance | E72: Outcome | F72: Pegawai lebih memperhatikan keseimbangan kerja dan kehidupan pribadi serta pola hidup sehat. | G72: Peserta menyatakan materi bermanfaat | H72: Persentase peserta yang menyatakan materi bermanfaat | I72: 0 | J72: 0.6 | K72: 0.55 | L72: % peserta | M72: =IFERROR(K72/J72,0) -> 0.91666667 | N72: =IF(K72="","Belum Ada Data",IF(M72>=1,"Tercapai",IF(M72>=0.8,"In Progress","Perlu Perhatian"))) -> In Progress | O72: Blueprint 2.jpeg – A11 | P72: Triwulanan | Q72: Change Catalyst, Sub Bagian HC & Umum, Cabang Kediri, Cabang Pamekasan | R72: Gunakan survei singkat setelah sesi | S72: Dummy | T72: Blueprint | U72: Dummy | V72: =IF(OR(S72="Dummy",T72="Dummy",U72="Dummy"),"Mengandung Dummy",IF(OR(S72="Turunan",T72="Turunan",U72="Turunan"),"Turunan Laporan","Laporan")) -> Mengandung Dummy | W72: Target naratif: Key Activity Breakdown 2.jpeg.
A73: IND-066 | B73: 46203 | C73: A11 | D73: Wellbeing & Work-Life Balance | E73: Impact | F73: ≥70% pegawai mengikuti sesi tiap bulan (Public Value) | G73: Pegawai menerapkan praktik healthy lifestyle | H73: Persentase peserta yang melaporkan penerapan praktik | I73: 0 | J73: 0.7 | K73: 0.45 | L73: % peserta | M73: =IFERROR(K73/J73,0) -> 0.64285714 | N73: =IF(K73="","Belum Ada Data",IF(M73>=1,"Tercapai",IF(M73>=0.8,"In Progress","Perlu Perhatian"))) -> Perlu Perhatian | O73: Blueprint 2.jpeg – A11 | P73: Semesteran | Q73: Change Catalyst, Sub Bagian HC & Umum, Cabang Kediri, Cabang Pamekasan | R73: Lakukan pulse survey tindak lanjut | S73: Dummy | T73: Dummy | U73: Dummy | V73: =IF(OR(S73="Dummy",T73="Dummy",U73="Dummy"),"Mengandung Dummy",IF(OR(S73="Turunan",T73="Turunan",U73="Turunan"),"Turunan Laporan","Laporan")) -> Mengandung Dummy | W73: Target naratif: Strategic Alignment 1.jpeg. Pemetaan impact perlu konfirmasi klien; skor memakai indikator impact Tracker sebagai proxy sampai KPI strategis diisi.
A74: IND-067 | B74: 46203 | C74: A12 | D74: Inspiring Champion Award | E74: Input | F74: Kriteria dan kandidat penghargaan tersedia | G74: Kandidat Inspiring Champion | H74: Jumlah kandidat yang masuk proses nominasi | I74: 0 | J74: 12 | K74: 5 | L74: kandidat | M74: =IFERROR(K74/J74,0) -> 0.41666667 | N74: =IF(K74="","Belum Ada Data",IF(M74>=1,"Tercapai",IF(M74>=0.8,"In Progress","Perlu Perhatian"))) -> Perlu Perhatian | O74: Blueprint 1.jpeg – A12 | P74: Bulanan | Q74: Change Catalyst | R74: Tetapkan kriteria dan dokumentasikan nominasi | S74: Dummy | T74: Dummy | U74: Dummy | V74: =IF(OR(S74="Dummy",T74="Dummy",U74="Dummy"),"Mengandung Dummy",IF(OR(S74="Turunan",T74="Turunan",U74="Turunan"),"Turunan Laporan","Laporan")) -> Mengandung Dummy | W74: Jadwal penghargaan Desember; nilai realisasi adalah placeholder, bukan indikasi keterlambatan.
A75: IND-068 | B75: 46203 | C75: A12 | D75: Inspiring Champion Award | E75: Activity | F75: Seleksi Inspiring Champion dilaksanakan | G75: Tahapan seleksi selesai | H75: Proporsi tahapan nominasi, penilaian, dan penetapan yang selesai | I75: 0 | J75: 1 | K75: 0.25 | L75: % tahapan | M75: =IFERROR(K75/J75,0) -> 0.25 | N75: =IF(K75="","Belum Ada Data",IF(M75>=1,"Tercapai",IF(M75>=0.8,"In Progress","Perlu Perhatian"))) -> Perlu Perhatian | O75: Blueprint 1.jpeg – A12 | P75: Bulanan | Q75: Change Catalyst | R75: Siapkan timeline dan panel penilai | S75: Dummy | T75: Blueprint | U75: Dummy | V75: =IF(OR(S75="Dummy",T75="Dummy",U75="Dummy"),"Mengandung Dummy",IF(OR(S75="Turunan",T75="Turunan",U75="Turunan"),"Turunan Laporan","Laporan")) -> Mengandung Dummy | W75: Jadwal penghargaan Desember.
A76: IND-069 | B76: 46203 | C76: A12 | D76: Inspiring Champion Award | E76: Output | F76: Penerima penghargaan Inspiring Champion berdasarkan kriteria penilaian. | G76: Penerima penghargaan | H76: Jumlah penerima berdasarkan kriteria penilaian | I76: 0 | J76: 1 | K76: 0 | L76: penerima | M76: =IFERROR(K76/J76,0) -> 0 | N76: =IF(K76="","Belum Ada Data",IF(M76>=1,"Tercapai",IF(M76>=0.8,"In Progress","Perlu Perhatian"))) -> Perlu Perhatian | O76: Blueprint 1.jpeg – A12 | P76: Tahunan | Q76: Change Catalyst | R76: Isi setelah proses penilaian Desember | S76: Dummy | T76: Blueprint | U76: Dummy | V76: =IF(OR(S76="Dummy",T76="Dummy",U76="Dummy"),"Mengandung Dummy",IF(OR(S76="Turunan",T76="Turunan",U76="Turunan"),"Turunan Laporan","Laporan")) -> Mengandung Dummy | W76: Jadwal penghargaan Desember; nilai nol bukan indikasi keterlambatan. Target naratif: Key Activity Breakdown 1.jpeg.
A77: IND-070 | B77: 46203 | C77: A12 | D77: Inspiring Champion Award | E77: Outcome | F77: Meningkatnya motivasi pegawai untuk berpartisipasi sebagai narasumber maupun kontributor. | G77: Peserta menilai NEXTalk inspiratif | H77: Persentase peserta yang menyatakan NEXTalk memberi inspirasi/pengetahuan | I77: 0 | J77: 0.7 | K77: 0.3 | L77: % peserta | M77: =IFERROR(K77/J77,0) -> 0.42857143 | N77: =IF(K77="","Belum Ada Data",IF(M77>=1,"Tercapai",IF(M77>=0.8,"In Progress","Perlu Perhatian"))) -> Perlu Perhatian | O77: Blueprint 1.jpeg – A12 | P77: Triwulanan | Q77: Change Catalyst | R77: Gunakan survei peserta NEXTalk | S77: Dummy | T77: Blueprint | U77: Dummy | V77: =IF(OR(S77="Dummy",T77="Dummy",U77="Dummy"),"Mengandung Dummy",IF(OR(S77="Turunan",T77="Turunan",U77="Turunan"),"Turunan Laporan","Laporan")) -> Mengandung Dummy | W77: Target naratif: Key Activity Breakdown 1.jpeg.
A78: IND-071 | B78: 46203 | C78: A12 | D78: Inspiring Champion Award | E78: Impact | F78: Peningkatan Kompetensi Pegawai (IDP) | G78: Pegawai aktif sebagai kontributor | H78: Persentase peserta yang menjadi narasumber atau kontributor | I78: 0 | J78: 0.5 | K78: 0.25 | L78: % peserta | M78: =IFERROR(K78/J78,0) -> 0.5 | N78: =IF(K78="","Belum Ada Data",IF(M78>=1,"Tercapai",IF(M78>=0.8,"In Progress","Perlu Perhatian"))) -> Perlu Perhatian | O78: Blueprint 1.jpeg – A12 | P78: Tahunan | Q78: Change Catalyst | R78: Pantau kontributor unik dan kontribusi berulang | S78: Dummy | T78: Dummy | U78: Dummy | V78: =IF(OR(S78="Dummy",T78="Dummy",U78="Dummy"),"Mengandung Dummy",IF(OR(S78="Turunan",T78="Turunan",U78="Turunan"),"Turunan Laporan","Laporan")) -> Mengandung Dummy | W78: Target naratif: Strategic Alignment 1.jpeg. Pemetaan impact perlu konfirmasi klien; skor memakai indikator impact Tracker sebagai proxy sampai KPI strategis diisi.

Sheet Rantai ToC
A1: RANTAI THEORY OF CHANGE – PROGRAM JAWA TIMUR
A2: Hipotesis perubahan: Input → Activity → Output → Outcome → Impact. Output/Outcome mengikuti Key Activity Breakdown; Impact mengikuti Strategic Alignment melalui pemetaan kerja yang dapat diaudit. | B2: Hipotesis perubahan: Input → Activity → Output → Outcome → Impact. Output/Outcome mengikuti Key Activity Breakdown; Impact mengikuti Strategic Alignment melalui pemetaan kerja yang dapat diaudit. | C2: Hipotesis perubahan: Input → Activity → Output → Outcome → Impact. Output/Outcome mengikuti Key Activity Breakdown; Impact mengikuti Strategic Alignment melalui pemetaan kerja yang dapat diaudit. | D2: Hipotesis perubahan: Input → Activity → Output → Outcome → Impact. Output/Outcome mengikuti Key Activity Breakdown; Impact mengikuti Strategic Alignment melalui pemetaan kerja yang dapat diaudit. | E2: Hipotesis perubahan: Input → Activity → Output → Outcome → Impact. Output/Outcome mengikuti Key Activity Breakdown; Impact mengikuti Strategic Alignment melalui pemetaan kerja yang dapat diaudit. | F2: Hipotesis perubahan: Input → Activity → Output → Outcome → Impact. Output/Outcome mengikuti Key Activity Breakdown; Impact mengikuti Strategic Alignment melalui pemetaan kerja yang dapat diaudit. | G2: Hipotesis perubahan: Input → Activity → Output → Outcome → Impact. Output/Outcome mengikuti Key Activity Breakdown; Impact mengikuti Strategic Alignment melalui pemetaan kerja yang dapat diaudit. | H2: Hipotesis perubahan: Input → Activity → Output → Outcome → Impact. Output/Outcome mengikuti Key Activity Breakdown; Impact mengikuti Strategic Alignment melalui pemetaan kerja yang dapat diaudit.
A3: Hipotesis perubahan: Input → Activity → Output → Outcome → Impact. Output/Outcome mengikuti Key Activity Breakdown; Impact mengikuti Strategic Alignment melalui pemetaan kerja yang dapat diaudit. | B3: Hipotesis perubahan: Input → Activity → Output → Outcome → Impact. Output/Outcome mengikuti Key Activity Breakdown; Impact mengikuti Strategic Alignment melalui pemetaan kerja yang dapat diaudit. | C3: Hipotesis perubahan: Input → Activity → Output → Outcome → Impact. Output/Outcome mengikuti Key Activity Breakdown; Impact mengikuti Strategic Alignment melalui pemetaan kerja yang dapat diaudit. | D3: Hipotesis perubahan: Input → Activity → Output → Outcome → Impact. Output/Outcome mengikuti Key Activity Breakdown; Impact mengikuti Strategic Alignment melalui pemetaan kerja yang dapat diaudit. | E3: Hipotesis perubahan: Input → Activity → Output → Outcome → Impact. Output/Outcome mengikuti Key Activity Breakdown; Impact mengikuti Strategic Alignment melalui pemetaan kerja yang dapat diaudit. | F3: Hipotesis perubahan: Input → Activity → Output → Outcome → Impact. Output/Outcome mengikuti Key Activity Breakdown; Impact mengikuti Strategic Alignment melalui pemetaan kerja yang dapat diaudit. | G3: Hipotesis perubahan: Input → Activity → Output → Outcome → Impact. Output/Outcome mengikuti Key Activity Breakdown; Impact mengikuti Strategic Alignment melalui pemetaan kerja yang dapat diaudit. | H3: Hipotesis perubahan: Input → Activity → Output → Outcome → Impact. Output/Outcome mengikuti Key Activity Breakdown; Impact mengikuti Strategic Alignment melalui pemetaan kerja yang dapat diaudit.
A5: Kode | B5: Program | C5: Input | D5: Activity | E5: Output | F5: Outcome | G5: Impact | H5: Asumsi Kunci / Faktor Eksternal
A6: A3 | B6: Road Safety Education Program | C6: Anggaran, fasilitator/PPKL, materi edukasi, spanduk, akses sekolah | D6: Edukasi/sosialisasi di sekolah; PPKL; pemasangan spanduk | E6: Program edukasi di sekolah dan program edukasi bagi pengajar. | F6: 20% sekolah di Jawa Timur mendapatkan edukasi dan pengajar menjadi agen keselamatan di lingkungan keluarga dan sekolah/kampus. Cara ukur: Dokumentasi kegiatan; Laporan Andalan. | G6: Implementasi Penanganan Titik Rawan Laka 100% terintervensi (Data & Digital) | H6: KBI strategis: Menggunakan data kecelakaan sebagai dasar identifikasi dan prioritas intervensi Alignment: Intervensi keselamatan berbasis data Sumber: Key Activity Breakdown 5.jpeg; Strategic Alignment 2.jpeg. Pemetaan impact perlu konfirmasi klien.
A7: A4 | B7: Transport Driver Safety Program | C7: Anggaran, petugas, alat ramp check, stiker, instruktur, dukungan loket | D7: Operasi gabungan/ramp check; kampanye; PPGD; MUKL; diklat | E7: Pelatihan keselamatan bagi pengemudi angkutan umum dan kendaraan berat; Operasi Gabungan & Sosialisasi ODOL; kampanye keselamatan kepada mobil pengangkut barang (truck); MUKL. | F7: Pengemudi memahami batas kecepatan, muatan, dan aturan lalu lintas. Cara ukur: Laporan Andalan; dokumentasi kegiatan. | G7: Kecepatan Kepastian Jaminan Wilayah/Cabang (Pelayanan Publik) | H7: KBI strategis: Respons cepat dan koordinasi efektif antar unit dalam proses penjaminan korban laka Alignment: Meningkatkan kualitas dan kecepatan pelayanan publik Sumber: Key Activity Breakdown 5.jpeg; Strategic Alignment 2.jpeg. Pemetaan impact perlu konfirmasi klien.
A8: A5 | B8: Passenger & Public Awareness Campaign | C8: Anggaran, media kampanye, trainer, kanal WA/Instagram, akses terminal/PO | D8: Pemasangan stiker; glorifikasi pesan; kampanye; diklat | E8: Kampanye keselamatan di terminal dan perusahaan otobus; glorifikasi keselamatan melalui media sosial, event, dan publikasi. | F8: Masyarakat lebih peduli dan sadar terhadap keselamatan berkendara dan sebagai penumpang transportasi umum. Cara ukur: Dokumentasi kegiatan; survei. | G8: Efektivitas Pelaksanaan Forum Keselamatan Lalu Lintas 100% terlaksana (Kolaborasi Ekosistem) | H8: KBI strategis: Proaktif membangun koordinasi lintas instansi serta memastikan tindak lanjut hasil forum Alignment: Memperkuat kolaborasi ekosistem keselamatan Sumber: Key Activity Breakdown 4.jpeg; Strategic Alignment 2.jpeg. Pemetaan impact perlu konfirmasi klien.
A9: A6 | B9: Community & Village Road Safety Moment | C9: Anggaran, petugas, souvenir/pesan keselamatan, spanduk, trainer PPGD | D9: Kampanye saat survei korban; sosialisasi desa; PPGD | E9: Kampanye keselamatan di komunitas; safety talk komunitas & ahli waris; pemetaan desa dengan korban kecelakaan tertinggi; sosialisasi keselamatan bagi perangkat desa. | F9: Perangkat desa aktif menyampaikan pesan keselamatan kepada masyarakat desa; masyarakat paham dan aktif menyuarakan keselamatan lalu lintas. Cara ukur: Dokumentasi kegiatan & laporan pelaksanaan; jumlah komunitas terlibat. | G9: Kecepatan Kepastian Jaminan Wilayah/Cabang (Pelayanan Publik) | H9: KBI strategis: Respons cepat dan koordinasi efektif antar unit dalam proses penjaminan korban laka Alignment: Meningkatkan kualitas dan kecepatan pelayanan publik Sumber: Key Activity Breakdown 4.jpeg; Strategic Alignment 2.jpeg. Pemetaan impact perlu konfirmasi klien.
A10: A7 | B10: Stakeholder Collaborative Action | C10: Anggaran, jejaring RS/BPJS/mitra, forum, staf koordinasi | D10: Sharing and Caring; aksi simpatik; FKLLJ/FLLAJ | E10: Sharing & Caring RS; Forum Lalu Lintas Angkutan Jalan (FLLAJ); aksi simpatik. | F10: Intervensi setiap stakeholder tepat sasaran di masyarakat; masyarakat patuh dan sadar berkendara. Cara ukur: Dokumentasi kegiatan; notulensi. | G10: Efektivitas Pelaksanaan Forum Keselamatan Lalu Lintas 100% terlaksana (Kolaborasi Ekosistem) | H10: KBI strategis: Proaktif membangun koordinasi lintas instansi serta memastikan tindak lanjut hasil forum Alignment: Memperkuat kolaborasi ekosistem keselamatan Sumber: Key Activity Breakdown 3.jpeg; Strategic Alignment 2.jpeg. Pemetaan impact perlu konfirmasi klien.
A11: A1 | B11: Road Safety Baseline Study & Data Mapping | C11: Data kecelakaan/santunan, analis, dan forum penyamaan persepsi | D11: Studi baseline dan pemetaan data keselamatan jalan | E11: Road safety insight report; data korban kecelakaan dan santunan; faktor penyebab kecelakaan. | F11: Tersedianya data kecelakaan sebagai dasar Program JAWA TIMUR dan setiap intervensi JAWA TIMUR berbasis data. Cara ukur: Laporan Bidang Pelayanan; Dashboard CERI. | G11: Implementasi Penanganan Titik Rawan Laka 100% terintervensi (Data & Digital) | H11: KBI strategis: Menggunakan data kecelakaan sebagai dasar identifikasi dan prioritas intervensi Alignment: Intervensi keselamatan berbasis data Sumber: Key Activity Breakdown 6.jpeg; Strategic Alignment 2.jpeg. Pemetaan impact perlu konfirmasi klien.
A12: A2 | B12: Blackspot Intervention Program | C12: Peta blackspot, data baseline, petugas pelayanan, dan dukungan stakeholder | D12: Perancangan dan pelaksanaan intervensi titik rawan | E12: Rekomendasi kegiatan atau intervensi berdasarkan pemetaan, seperti rambu, edukasi, dan intervensi relevan lainnya. | F12: Stakeholder melakukan intervensi pada titik rawan dan koordinasi lintas lembaga meningkat. Cara ukur: Laporan Andalan; monthly report Bidang Pelayanan. | G12: Implementasi Penanganan Titik Rawan Laka 100% terintervensi (Data & Digital) | H12: KBI strategis: Menggunakan data kecelakaan sebagai dasar identifikasi dan prioritas intervensi Alignment: Intervensi keselamatan berbasis data Sumber: Key Activity Breakdown 6.jpeg; Strategic Alignment 2.jpeg. Pemetaan impact perlu konfirmasi klien.
A13: A8 | B13: Monitoring, Review & Impact Evaluation | C13: Data monitoring, tim evaluasi, forum review, dan dukungan pimpinan | D13: Monitoring, review, dan evaluasi dampak berkala | E13: Laporan evaluasi Program JAWA TIMUR; rekomendasi program lanjutan; pengambilan keputusan berbasis data evaluasi. | F13: Organisasi menggunakan data untuk meningkatkan program kesamsatan. Cara ukur: Dokumentasi kegiatan; laporan evaluasi. | G13: Anev Pelayanan Luar Biasa 100% (Agility & Learning) | H13: KBI strategis: Melakukan evaluasi rutin berbasis data serta terbuka terhadap perbaikan layanan Alignment: Mendorong perbaikan layanan berkelanjutan Sumber: Key Activity Breakdown 3.jpeg; Strategic Alignment 2.jpeg. Pemetaan impact perlu konfirmasi klien.
A14: A9 | B14: Personal Growth & Digital Skills | C14: Change Catalyst, dukungan HC, kontributor cabang, dan perangkat digital | D14: Sesi personal growth, digital skills, dan content creation | E14: Ide dan draft content creation. | F14: Ide atau praktik kerja dibagikan dan mulai dicoba atau diadaptasi oleh unit lain; peningkatan skill pegawai terdokumentasi. Cara ukur: Beberapa unit mencoba praktik design dari NEXTalk; laporan/dokumentasi peningkatan skill pegawai. | G14: GAP Kompetensi Pegawai Organik <30% (Learning & Growth) | H14: KBI strategis: Menggunakan data sebagai dasar keputusan Alignment: Penutupan gap kompetensi berbasis praktik nyata Sumber: Key Activity Breakdown 1.jpeg; Strategic Alignment 1.jpeg. Pemetaan impact perlu konfirmasi klien.
... A17: A12 | B17: Inspiring Champion Award | C17: Kriteria penghargaan, proses nominasi, penilai, dan dokumentasi kontribusi | D17: Seleksi dan pemberian Inspiring Champion Award | E17: Penerima penghargaan Inspiring Champion berdasarkan kriteria penilaian. | F17: Meningkatnya motivasi pegawai untuk berpartisipasi sebagai narasumber maupun kontributor. Cara ukur: ≥70% peserta menyatakan kegiatan NEXTalk memberikan inspirasi atau pengetahuan baru. | G17: Peningkatan Kompetensi Pegawai (IDP) | H17: KBI strategis: Adaptif terhadap sistem dan timeline Alignment: Menguatkan pemahaman aplikatif Sumber: Key Activity Breakdown 1.jpeg; Strategic Alignment 1.jpeg. Pemetaan impact perlu konfirmasi klien.

Sheet Data Sumber
A1: DATA SUMBER – LAPORAN AKTIVITAS & TARGET PROGRAM | B1: DATA SUMBER – LAPORAN AKTIVITAS & TARGET PROGRAM | C1: DATA SUMBER – LAPORAN AKTIVITAS & TARGET PROGRAM | D1: DATA SUMBER – LAPORAN AKTIVITAS & TARGET PROGRAM | E1: DATA SUMBER – LAPORAN AKTIVITAS & TARGET PROGRAM | F1: DATA SUMBER – LAPORAN AKTIVITAS & TARGET PROGRAM | G1: DATA SUMBER – LAPORAN AKTIVITAS & TARGET PROGRAM | H1: DATA SUMBER – LAPORAN AKTIVITAS & TARGET PROGRAM | I1: DATA SUMBER – LAPORAN AKTIVITAS & TARGET PROGRAM
A2: Transkripsi ringkas untuk audit dari Activity 1–3.jpeg, Key Activity Breakdown 1–6.jpeg, dan Strategic Alignment 1–2.jpeg. Nilai dummy tetap ditandai pada Tracker ToC dan Scorecard ToC. | B2: Transkripsi ringkas untuk audit dari Activity 1–3.jpeg, Key Activity Breakdown 1–6.jpeg, dan Strategic Alignment 1–2.jpeg. Nilai dummy tetap ditandai pada Tracker ToC dan Scorecard ToC. | C2: Transkripsi ringkas untuk audit dari Activity 1–3.jpeg, Key Activity Breakdown 1–6.jpeg, dan Strategic Alignment 1–2.jpeg. Nilai dummy tetap ditandai pada Tracker ToC dan Scorecard ToC. | D2: Transkripsi ringkas untuk audit dari Activity 1–3.jpeg, Key Activity Breakdown 1–6.jpeg, dan Strategic Alignment 1–2.jpeg. Nilai dummy tetap ditandai pada Tracker ToC dan Scorecard ToC. | E2: Transkripsi ringkas untuk audit dari Activity 1–3.jpeg, Key Activity Breakdown 1–6.jpeg, dan Strategic Alignment 1–2.jpeg. Nilai dummy tetap ditandai pada Tracker ToC dan Scorecard ToC. | F2: Transkripsi ringkas untuk audit dari Activity 1–3.jpeg, Key Activity Breakdown 1–6.jpeg, dan Strategic Alignment 1–2.jpeg. Nilai dummy tetap ditandai pada Tracker ToC dan Scorecard ToC. | G2: Transkripsi ringkas untuk audit dari Activity 1–3.jpeg, Key Activity Breakdown 1–6.jpeg, dan Strategic Alignment 1–2.jpeg. Nilai dummy tetap ditandai pada Tracker ToC dan Scorecard ToC. | H2: Transkripsi ringkas untuk audit dari Activity 1–3.jpeg, Key Activity Breakdown 1–6.jpeg, dan Strategic Alignment 1–2.jpeg. Nilai dummy tetap ditandai pada Tracker ToC dan Scorecard ToC. | I2: Transkripsi ringkas untuk audit dari Activity 1–3.jpeg, Key Activity Breakdown 1–6.jpeg, dan Strategic Alignment 1–2.jpeg. Nilai dummy tetap ditandai pada Tracker ToC dan Scorecard ToC.
A3: Transkripsi ringkas untuk audit dari Activity 1–3.jpeg, Key Activity Breakdown 1–6.jpeg, dan Strategic Alignment 1–2.jpeg. Nilai dummy tetap ditandai pada Tracker ToC dan Scorecard ToC. | B3: Transkripsi ringkas untuk audit dari Activity 1–3.jpeg, Key Activity Breakdown 1–6.jpeg, dan Strategic Alignment 1–2.jpeg. Nilai dummy tetap ditandai pada Tracker ToC dan Scorecard ToC. | C3: Transkripsi ringkas untuk audit dari Activity 1–3.jpeg, Key Activity Breakdown 1–6.jpeg, dan Strategic Alignment 1–2.jpeg. Nilai dummy tetap ditandai pada Tracker ToC dan Scorecard ToC. | D3: Transkripsi ringkas untuk audit dari Activity 1–3.jpeg, Key Activity Breakdown 1–6.jpeg, dan Strategic Alignment 1–2.jpeg. Nilai dummy tetap ditandai pada Tracker ToC dan Scorecard ToC. | E3: Transkripsi ringkas untuk audit dari Activity 1–3.jpeg, Key Activity Breakdown 1–6.jpeg, dan Strategic Alignment 1–2.jpeg. Nilai dummy tetap ditandai pada Tracker ToC dan Scorecard ToC. | F3: Transkripsi ringkas untuk audit dari Activity 1–3.jpeg, Key Activity Breakdown 1–6.jpeg, dan Strategic Alignment 1–2.jpeg. Nilai dummy tetap ditandai pada Tracker ToC dan Scorecard ToC. | G3: Transkripsi ringkas untuk audit dari Activity 1–3.jpeg, Key Activity Breakdown 1–6.jpeg, dan Strategic Alignment 1–2.jpeg. Nilai dummy tetap ditandai pada Tracker ToC dan Scorecard ToC. | H3: Transkripsi ringkas untuk audit dari Activity 1–3.jpeg, Key Activity Breakdown 1–6.jpeg, dan Strategic Alignment 1–2.jpeg. Nilai dummy tetap ditandai pada Tracker ToC dan Scorecard ToC. | I3: Transkripsi ringkas untuk audit dari Activity 1–3.jpeg, Key Activity Breakdown 1–6.jpeg, dan Strategic Alignment 1–2.jpeg. Nilai dummy tetap ditandai pada Tracker ToC dan Scorecard ToC.
A5: No. | B5: Berkas | C5: Kode | D5: Program | E5: Kategori | F5: Pernyataan Sumber (ringkas) | G5: Nilai | H5: Satuan | I5: Catatan
A6: 1 | B6: Activity 1.jpeg | C6: A3 | D6: Road Safety Education Program | E6: Realisasi | F6: Kegiatan PPKL dan pemasangan spanduk di sekolah pada Juni 2026 | G6: 9 | H6: kegiatan
A7: 2 | B7: Activity 1.jpeg | C7: A3 | D7: Road Safety Education Program | E7: Realisasi | F7: Kegiatan PPKL kumulatif s.d. Juni 2026 | G7: 80 | H7: kegiatan
A8: 3 | B8: Activity 1.jpeg | C8: A3 | D8: Road Safety Education Program | E8: Realisasi | F8: Himbauan keselamatan kumulatif s.d. Juni 2026 | G8: 45 | H8: himbauan
A9: 4 | B9: Activity 1.jpeg | C9: A4 | D9: Transport Driver Safety Program | E9: Realisasi | F9: Operasi gabungan/ramp check dilaksanakan oleh semua loket | H9: loket | I9: Jumlah loket tidak dinyatakan pada kalimat ini
A10: 5 | B10: Activity 1.jpeg | C10: A4 | D10: Transport Driver Safety Program | E10: Realisasi | F10: Giat pemasangan stiker pada Juni | G10: 3 | H10: kegiatan
A11: 6 | B11: Activity 1.jpeg | C11: A4 | D11: Transport Driver Safety Program | E11: Realisasi | F11: Stiker keselamatan pada mobil penumpang umum | G11: 33 | H11: stiker
A12: 7 | B12: Activity 1.jpeg | C12: A4 | D12: Transport Driver Safety Program | E12: Realisasi | F12: Kegiatan PPGD oleh 8 loket | G12: 17 | H12: kegiatan | I12: Cakupan 8 loket
A13: 8 | B13: Activity 1.jpeg | C13: A4 | D13: Transport Driver Safety Program | E13: Realisasi | F13: Kegiatan MUKL oleh 8 loket | G13: 11 | H13: kegiatan | I13: Cakupan 8 loket
A14: 9 | B14: Activity 1.jpeg | C14: A4 | D14: Transport Driver Safety Program | E14: Realisasi | F14: Diklat Pengemudi dan Awak bersama KNKT | G14: 1 | H14: kegiatan
A15: 10 | B15: Activity 1.jpeg | C15: A4 | D15: Transport Driver Safety Program | E15: Realisasi | F15: Peserta diklat pengemudi dan awak | G15: 60 | H15: peserta
A16: 11 | B16: Activity 2.jpeg | C16: A5 | D16: Passenger & Public Awareness Campaign | E16: Realisasi | F16: Lokasi pemasangan stiker | G16: 3 | H16: lokasi | I16: Sebanyak 33 stiker
A17: 12 | B17: Activity 2.jpeg | C17: A5 | D17: Passenger & Public Awareness Campaign | E17: Realisasi | F17: Diklat Pengemudi dan Awak Angkutan Umum | G17: 1 | H17: kegiatan | I17: Diikuti 60 peserta
A18: 13 | B18: Activity 2.jpeg | C18: A6 | D18: Community & Village Road Safety Moment | E18: Realisasi | F18: Kampanye disampaikan pada setiap survei korban/ahli waris | H18: sesi | I18: Jumlah survei tidak dicantumkan
A19: 14 | B19: Activity 2.jpeg | C19: A6 | D19: Community & Village Road Safety Moment | E19: Realisasi | F19: Spanduk terpasang di beberapa kelurahan | H19: wilayah | I19: Jumlah wilayah tidak dicantumkan
A20: 15 | B20: Activity 2.jpeg | C20: A6 | D20: Community & Village Road Safety Moment | E20: Realisasi | F20: Kegiatan PPGD di 8 loket | G20: 17 | H20: kegiatan
A21: 16 | B21: Activity 3.jpeg | C21: A7 | D21: Stakeholder Collaborative Action | E21: Realisasi | F21: Loket melakukan Sharing and Caring bersama rumah sakit | G21: X | H21: loket | I21: Nilai belum tersedia pada laporan
A22: 17 | B22: Activity 3.jpeg | C22: A7 | D22: Stakeholder Collaborative Action | E22: Realisasi | F22: Loket melakukan aksi simpatik bersama mitra kerja | G22: X | H22: loket | I22: Nilai belum tersedia pada laporan
A23: 18 | B23: Activity 3.jpeg | C23: A7 | D23: Stakeholder Collaborative Action | E23: Realisasi | F23: Kegiatan FLLAJ pada Juni oleh 8 loket | G23: 17 | H23: kegiatan
A24: 19 | B24: Key Activity Breakdown 6.jpeg; Strategic Alignment 2.jpeg | C24: A1 | D24: Road Safety Baseline Study & Data Mapping | E24: Target Client | F24: Output: Road safety insight report; data korban kecelakaan dan santunan; faktor penyebab kecelakaan. Outcome: Tersedianya data kecelakaan sebagai dasar Program JAWA TIMUR dan setiap intervensi JAWA TIMUR berbasis data. Impact: Implementasi Penanganan Titik Rawan Laka 100% terintervensi (Data & Digital) | H24: program | I24: Cara ukur outcome: Laporan Bidang Pelayanan; Dashboard CERI. KBI strategis: Menggunakan data kecelakaan sebagai dasar identifikasi dan prioritas intervensi Alignment: Intervensi keselamatan berbasis data
A25: 20 | B25: Key Activity Breakdown 6.jpeg; Strategic Alignment 2.jpeg | C25: A2 | D25: Blackspot Intervention Program | E25: Target Client | F25: Output: Rekomendasi kegiatan atau intervensi berdasarkan pemetaan, seperti rambu, edukasi, dan intervensi relevan lainnya. Outcome: Stakeholder melakukan intervensi pada titik rawan dan koordinasi lintas lembaga meningkat. Impact: Implementasi Penanganan Titik Rawan Laka 100% terintervensi (Data & Digital) | H25: program | I25: Cara ukur outcome: Laporan Andalan; monthly report Bidang Pelayanan. KBI strategis: Menggunakan data kecelakaan sebagai dasar identifikasi dan prioritas intervensi Alignment: Intervensi keselamatan berbasis data
A26: 21 | B26: Key Activity Breakdown 5.jpeg; Strategic Alignment 2.jpeg | C26: A3 | D26: Road Safety Education Program | E26: Target Client | F26: Output: Program edukasi di sekolah dan program edukasi bagi pengajar. Outcome: 20% sekolah di Jawa Timur mendapatkan edukasi dan pengajar menjadi agen keselamatan di lingkungan keluarga dan sekolah/kampus. Impact: Implementasi Penanganan Titik Rawan Laka 100% terintervensi (Data & Digital) | H26: program | I26: Cara ukur outcome: Dokumentasi kegiatan; Laporan Andalan. KBI strategis: Menggunakan data kecelakaan sebagai dasar identifikasi dan prioritas intervensi Alignment: Intervensi keselamatan berbasis data
A27: 22 | B27: Key Activity Breakdown 5.jpeg; Strategic Alignment 2.jpeg | C27: A4 | D27: Transport Driver Safety Program | E27: Target Client | F27: Output: Pelatihan keselamatan bagi pengemudi angkutan umum dan kendaraan berat; Operasi Gabungan & Sosialisasi ODOL; kampanye keselamatan kepada mobil pengangkut barang (truck); MUKL. Outcome: Pengemudi memahami batas kecepatan, muatan, dan aturan lalu lintas. Impact: Kecepatan Kepastian Jaminan Wilayah/Cabang (Pelayanan Publik) | H27: program | I27: Cara ukur outcome: Laporan Andalan; dokumentasi kegiatan. KBI strategis: Respons cepat dan koordinasi efektif antar unit dalam proses penjaminan korban laka Alignment: Meningkatkan kualitas dan kecepatan pelayanan publik
A28: 23 | B28: Key Activity Breakdown 4.jpeg; Strategic Alignment 2.jpeg | C28: A5 | D28: Passenger & Public Awareness Campaign | E28: Target Client | F28: Output: Kampanye keselamatan di terminal dan perusahaan otobus; glorifikasi keselamatan melalui media sosial, event, dan publikasi. Outcome: Masyarakat lebih peduli dan sadar terhadap keselamatan berkendara dan sebagai penumpang transportasi umum. Impact: Efektivitas Pelaksanaan Forum Keselamatan Lalu Lintas 100% terlaksana (Kolaborasi Ekosistem) | H28: program | I28: Cara ukur outcome: Dokumentasi kegiatan; survei. KBI strategis: Proaktif membangun koordinasi lintas instansi serta memastikan tindak lanjut hasil forum Alignment: Memperkuat kolaborasi ekosistem keselamatan
A29: 24 | B29: Key Activity Breakdown 4.jpeg; Strategic Alignment 2.jpeg | C29: A6 | D29: Community & Village Road Safety Moment | E29: Target Client | F29: Output: Kampanye keselamatan di komunitas; safety talk komunitas & ahli waris; pemetaan desa dengan korban kecelakaan tertinggi; sosialisasi keselamatan bagi perangkat desa. Outcome: Perangkat desa aktif menyampaikan pesan keselamatan kepada masyarakat desa; masyarakat paham dan aktif menyuarakan keselamatan lalu lintas. Impact: Kecepatan Kepastian Jaminan Wilayah/Cabang (Pelayanan Publik) | H29: program | I29: Cara ukur outcome: Dokumentasi kegiatan & laporan pelaksanaan; jumlah komunitas terlibat. KBI strategis: Respons cepat dan koordinasi efektif antar unit dalam proses penjaminan korban laka Alignment: Meningkatkan kualitas dan kecepatan pelayanan publik
A30: 25 | B30: Key Activity Breakdown 3.jpeg; Strategic Alignment 2.jpeg | C30: A7 | D30: Stakeholder Collaborative Action | E30: Target Client | F30: Output: Sharing & Caring RS; Forum Lalu Lintas Angkutan Jalan (FLLAJ); aksi simpatik. Outcome: Intervensi setiap stakeholder tepat sasaran di masyarakat; masyarakat patuh dan sadar berkendara. Impact: Efektivitas Pelaksanaan Forum Keselamatan Lalu Lintas 100% terlaksana (Kolaborasi Ekosistem) | H30: program | I30: Cara ukur outcome: Dokumentasi kegiatan; notulensi. KBI strategis: Proaktif membangun koordinasi lintas instansi serta memastikan tindak lanjut hasil forum Alignment: Memperkuat kolaborasi ekosistem keselamatan
A31: 26 | B31: Key Activity Breakdown 3.jpeg; Strategic Alignment 2.jpeg | C31: A8 | D31: Monitoring, Review & Impact Evaluation | E31: Target Client | F31: Output: Laporan evaluasi Program JAWA TIMUR; rekomendasi program lanjutan; pengambilan keputusan berbasis data evaluasi. Outcome: Organisasi menggunakan data untuk meningkatkan program kesamsatan. Impact: Anev Pelayanan Luar Biasa 100% (Agility & Learning) | H31: program | I31: Cara ukur outcome: Dokumentasi kegiatan; laporan evaluasi. KBI strategis: Melakukan evaluasi rutin berbasis data serta terbuka terhadap perbaikan layanan Alignment: Mendorong perbaikan layanan berkelanjutan
A32: 27 | B32: Key Activity Breakdown 1.jpeg; Strategic Alignment 1.jpeg | C32: A9 | D32: Personal Growth & Digital Skills | E32: Target Client | F32: Output: Ide dan draft content creation. Outcome: Ide atau praktik kerja dibagikan dan mulai dicoba atau diadaptasi oleh unit lain; peningkatan skill pegawai terdokumentasi. Impact: GAP Kompetensi Pegawai Organik <30% (Learning & Growth) | H32: program | I32: Cara ukur outcome: Beberapa unit mencoba praktik design dari NEXTalk; laporan/dokumentasi peningkatan skill pegawai. KBI strategis: Menggunakan data sebagai dasar keputusan Alignment: Penutupan gap kompetensi berbasis praktik nyata
A33: 28 | B33: Key Activity Breakdown 2.jpeg; Strategic Alignment 1.jpeg | C33: A10 | D33: Leadership & Collaboration | E33: Target Client | F33: Output: Materi sharing session dan implementasi leadership pegawai. Outcome: Pegawai mulai melihat dirinya sebagai bagian dari learning community dan bersedia menjadi kontributor pembelajaran. Impact: JR Next Leader menjadi narasumber minimal 1x dalam periode Jan–Nov (Internal Process) | H33: program | I33: Cara ukur outcome: ≥70% pegawai mengikuti tiap sesi NEXTalk; minimal 9 calon speaker internal teridentifikasi. KBI strategis: Berbagi pengetahuan lintas unit Alignment: Penguatan leadership pipeline & internal knowledge capital
A34: 29 | B34: Key Activity Breakdown 2.jpeg; Strategic Alignment 1.jpeg | C34: A11 | D34: Wellbeing & Work-Life Balance | E34: Target Client | F34: Output: Work-life balance toolkit dan healthy lifestyle guide. Outcome: Pegawai lebih memperhatikan keseimbangan kerja dan kehidupan pribadi serta pola hidup sehat. Impact: ≥70% pegawai mengikuti sesi tiap bulan (Public Value) | H34: program | I34: Cara ukur outcome: ≥60% peserta menyatakan materi bermanfaat; survei menunjukkan peningkatan awareness healthy lifestyle. KBI strategis: Membangun hubungan berbasis kepercayaan Alignment: Mendukung transformasi & operational excellence
A35: 30 | B35: Key Activity Breakdown 1.jpeg; Strategic Alignment 1.jpeg | C35: A12 | D35: Inspiring Champion Award | E35: Target Client | F35: Output: Penerima penghargaan Inspiring Champion berdasarkan kriteria penilaian. Outcome: Meningkatnya motivasi pegawai untuk berpartisipasi sebagai narasumber maupun kontributor. Impact: Peningkatan Kompetensi Pegawai (IDP) | H35: program | I35: Cara ukur outcome: ≥70% peserta menyatakan kegiatan NEXTalk memberikan inspirasi atau pengetahuan baru. KBI strategis: Adaptif terhadap sistem dan timeline Alignment: Menguatkan pemahaman aplikatif

Sheet Blueprint Program
A1: TARGET 12 PROGRAM JAWA TIMUR
A2: Sumber: Key Activity Breakdown 1–6.jpeg dan Strategic Alignment 1–2.jpeg. Pemetaan impact adalah pemetaan kerja berdasarkan kedekatan tujuan dan perlu dikonfirmasi klien. | B2: Sumber: Key Activity Breakdown 1–6.jpeg dan Strategic Alignment 1–2.jpeg. Pemetaan impact adalah pemetaan kerja berdasarkan kedekatan tujuan dan perlu dikonfirmasi klien. | C2: Sumber: Key Activity Breakdown 1–6.jpeg dan Strategic Alignment 1–2.jpeg. Pemetaan impact adalah pemetaan kerja berdasarkan kedekatan tujuan dan perlu dikonfirmasi klien. | D2: Sumber: Key Activity Breakdown 1–6.jpeg dan Strategic Alignment 1–2.jpeg. Pemetaan impact adalah pemetaan kerja berdasarkan kedekatan tujuan dan perlu dikonfirmasi klien. | E2: Sumber: Key Activity Breakdown 1–6.jpeg dan Strategic Alignment 1–2.jpeg. Pemetaan impact adalah pemetaan kerja berdasarkan kedekatan tujuan dan perlu dikonfirmasi klien. | F2: Sumber: Key Activity Breakdown 1–6.jpeg dan Strategic Alignment 1–2.jpeg. Pemetaan impact adalah pemetaan kerja berdasarkan kedekatan tujuan dan perlu dikonfirmasi klien. | G2: Sumber: Key Activity Breakdown 1–6.jpeg dan Strategic Alignment 1–2.jpeg. Pemetaan impact adalah pemetaan kerja berdasarkan kedekatan tujuan dan perlu dikonfirmasi klien. | H2: Sumber: Key Activity Breakdown 1–6.jpeg dan Strategic Alignment 1–2.jpeg. Pemetaan impact adalah pemetaan kerja berdasarkan kedekatan tujuan dan perlu dikonfirmasi klien. | I2: Sumber: Key Activity Breakdown 1–6.jpeg dan Strategic Alignment 1–2.jpeg. Pemetaan impact adalah pemetaan kerja berdasarkan kedekatan tujuan dan perlu dikonfirmasi klien. | J2: Sumber: Key Activity Breakdown 1–6.jpeg dan Strategic Alignment 1–2.jpeg. Pemetaan impact adalah pemetaan kerja berdasarkan kedekatan tujuan dan perlu dikonfirmasi klien. | K2: Sumber: Key Activity Breakdown 1–6.jpeg dan Strategic Alignment 1–2.jpeg. Pemetaan impact adalah pemetaan kerja berdasarkan kedekatan tujuan dan perlu dikonfirmasi klien. | L2: Sumber: Key Activity Breakdown 1–6.jpeg dan Strategic Alignment 1–2.jpeg. Pemetaan impact adalah pemetaan kerja berdasarkan kedekatan tujuan dan perlu dikonfirmasi klien.
A3: Sumber: Key Activity Breakdown 1–6.jpeg dan Strategic Alignment 1–2.jpeg. Pemetaan impact adalah pemetaan kerja berdasarkan kedekatan tujuan dan perlu dikonfirmasi klien. | B3: Sumber: Key Activity Breakdown 1–6.jpeg dan Strategic Alignment 1–2.jpeg. Pemetaan impact adalah pemetaan kerja berdasarkan kedekatan tujuan dan perlu dikonfirmasi klien. | C3: Sumber: Key Activity Breakdown 1–6.jpeg dan Strategic Alignment 1–2.jpeg. Pemetaan impact adalah pemetaan kerja berdasarkan kedekatan tujuan dan perlu dikonfirmasi klien. | D3: Sumber: Key Activity Breakdown 1–6.jpeg dan Strategic Alignment 1–2.jpeg. Pemetaan impact adalah pemetaan kerja berdasarkan kedekatan tujuan dan perlu dikonfirmasi klien. | E3: Sumber: Key Activity Breakdown 1–6.jpeg dan Strategic Alignment 1–2.jpeg. Pemetaan impact adalah pemetaan kerja berdasarkan kedekatan tujuan dan perlu dikonfirmasi klien. | F3: Sumber: Key Activity Breakdown 1–6.jpeg dan Strategic Alignment 1–2.jpeg. Pemetaan impact adalah pemetaan kerja berdasarkan kedekatan tujuan dan perlu dikonfirmasi klien. | G3: Sumber: Key Activity Breakdown 1–6.jpeg dan Strategic Alignment 1–2.jpeg. Pemetaan impact adalah pemetaan kerja berdasarkan kedekatan tujuan dan perlu dikonfirmasi klien. | H3: Sumber: Key Activity Breakdown 1–6.jpeg dan Strategic Alignment 1–2.jpeg. Pemetaan impact adalah pemetaan kerja berdasarkan kedekatan tujuan dan perlu dikonfirmasi klien. | I3: Sumber: Key Activity Breakdown 1–6.jpeg dan Strategic Alignment 1–2.jpeg. Pemetaan impact adalah pemetaan kerja berdasarkan kedekatan tujuan dan perlu dikonfirmasi klien. | J3: Sumber: Key Activity Breakdown 1–6.jpeg dan Strategic Alignment 1–2.jpeg. Pemetaan impact adalah pemetaan kerja berdasarkan kedekatan tujuan dan perlu dikonfirmasi klien. | K3: Sumber: Key Activity Breakdown 1–6.jpeg dan Strategic Alignment 1–2.jpeg. Pemetaan impact adalah pemetaan kerja berdasarkan kedekatan tujuan dan perlu dikonfirmasi klien. | L3: Sumber: Key Activity Breakdown 1–6.jpeg dan Strategic Alignment 1–2.jpeg. Pemetaan impact adalah pemetaan kerja berdasarkan kedekatan tujuan dan perlu dikonfirmasi klien.
A5: Kode | B5: Program | C5: Tujuan | D5: PIC | E5: Waktu | F5: Output Target | G5: Outcome/KBI & Cara Ukur | H5: Sumber Output/Outcome | I5: Impact Target | J5: KBI Strategis | K5: Alignment Singkat | L5: Sumber Impact
A6: A1 | B6: Road Safety Baseline Study & Data Mapping | C6: Penyamaan persepsi dengan Bidang Pelayanan untuk mengidentifikasi pola kecelakaan, faktor penyebab, dan wilayah rawan kecelakaan sebagai dasar intervensi. | D6: Change Agent, Change Booster, Sub Bagian Pelayanan | E6: Maret 2026 | F6: Road safety insight report; data korban kecelakaan dan santunan; faktor penyebab kecelakaan. | G6: Tersedianya data kecelakaan sebagai dasar Program JAWA TIMUR dan setiap intervensi JAWA TIMUR berbasis data. Cara ukur: Laporan Bidang Pelayanan; Dashboard CERI. | H6: Key Activity Breakdown 6.jpeg | I6: Implementasi Penanganan Titik Rawan Laka 100% terintervensi (Data & Digital) | J6: Menggunakan data kecelakaan sebagai dasar identifikasi dan prioritas intervensi | K6: Intervensi keselamatan berbasis data | L6: Strategic Alignment 2.jpeg
A7: A2 | B7: Blackspot Intervention Program | C7: Mengurangi risiko kecelakaan pada titik rawan laka melalui intervensi bersama stakeholder. | D7: Sub Bagian Pelayanan | E7: April–Mei 2026 | F7: Rekomendasi kegiatan atau intervensi berdasarkan pemetaan, seperti rambu, edukasi, dan intervensi relevan lainnya. | G7: Stakeholder melakukan intervensi pada titik rawan dan koordinasi lintas lembaga meningkat. Cara ukur: Laporan Andalan; monthly report Bidang Pelayanan. | H7: Key Activity Breakdown 6.jpeg | I7: Implementasi Penanganan Titik Rawan Laka 100% terintervensi (Data & Digital) | J7: Menggunakan data kecelakaan sebagai dasar identifikasi dan prioritas intervensi | K7: Intervensi keselamatan berbasis data | L7: Strategic Alignment 2.jpeg
A8: A3 | B8: Road Safety Education Program | C8: Membangun budaya keselamatan sejak usia dini. | D8: Petugas Bidang Pelayanan & Samsat Pelayanan | E8: Januari–Oktober 2026 | F8: Program edukasi di sekolah dan program edukasi bagi pengajar. | G8: 20% sekolah di Jawa Timur mendapatkan edukasi dan pengajar menjadi agen keselamatan di lingkungan keluarga dan sekolah/kampus. Cara ukur: Dokumentasi kegiatan; Laporan Andalan. | H8: Key Activity Breakdown 5.jpeg | I8: Implementasi Penanganan Titik Rawan Laka 100% terintervensi (Data & Digital) | J8: Menggunakan data kecelakaan sebagai dasar identifikasi dan prioritas intervensi | K8: Intervensi keselamatan berbasis data | L8: Strategic Alignment 2.jpeg
A9: A4 | B9: Transport Driver Safety Program | C9: Meningkatkan kepatuhan dan awareness pengemudi angkutan umum dan kendaraan berat. | D9: Petugas Bidang Pelayanan & Samsat Pelayanan | E9: Januari–Oktober 2026 | F9: Pelatihan keselamatan bagi pengemudi angkutan umum dan kendaraan berat; Operasi Gabungan & Sosialisasi ODOL; kampanye keselamatan kepada mobil pengangkut barang (truck); MUKL. | G9: Pengemudi memahami batas kecepatan, muatan, dan aturan lalu lintas. Cara ukur: Laporan Andalan; dokumentasi kegiatan. | H9: Key Activity Breakdown 5.jpeg | I9: Kecepatan Kepastian Jaminan Wilayah/Cabang (Pelayanan Publik) | J9: Respons cepat dan koordinasi efektif antar unit dalam proses penjaminan korban laka | K9: Meningkatkan kualitas dan kecepatan pelayanan publik | L9: Strategic Alignment 2.jpeg
A10: A5 | B10: Passenger & Public Awareness Campaign | C10: Meningkatkan kesadaran masyarakat sebagai penumpang maupun pengendara tentang keselamatan berlalu lintas. | D10: Seluruh Pegawai | E10: Januari–Desember 2026 | F10: Kampanye keselamatan di terminal dan perusahaan otobus; glorifikasi keselamatan melalui media sosial, event, dan publikasi. | G10: Masyarakat lebih peduli dan sadar terhadap keselamatan berkendara dan sebagai penumpang transportasi umum. Cara ukur: Dokumentasi kegiatan; survei. | H10: Key Activity Breakdown 4.jpeg | I10: Efektivitas Pelaksanaan Forum Keselamatan Lalu Lintas 100% terlaksana (Kolaborasi Ekosistem) | J10: Proaktif membangun koordinasi lintas instansi serta memastikan tindak lanjut hasil forum | K10: Memperkuat kolaborasi ekosistem keselamatan | L10: Strategic Alignment 2.jpeg
A11: A6 | B11: Community & Village Road Safety Moment | C11: Meningkatkan kesadaran masyarakat dan peran aktif perangkat desa/kelurahan dalam membangun budaya keselamatan lalu lintas pada wilayah dengan jumlah korban kecelakaan tertinggi. | D11: Petugas Bidang Pelayanan & Samsat; Petugas Non Operasional | E11: Januari–Desember 2026 | F11: Kampanye keselamatan di komunitas; safety talk komunitas & ahli waris; pemetaan desa dengan korban kecelakaan tertinggi; sosialisasi keselamatan bagi perangkat desa. | G11: Perangkat desa aktif menyampaikan pesan keselamatan kepada masyarakat desa; masyarakat paham dan aktif menyuarakan keselamatan lalu lintas. Cara ukur: Dokumentasi kegiatan & laporan pelaksanaan; jumlah komunitas terlibat. | H11: Key Activity Breakdown 4.jpeg | I11: Kecepatan Kepastian Jaminan Wilayah/Cabang (Pelayanan Publik) | J11: Respons cepat dan koordinasi efektif antar unit dalam proses penjaminan korban laka | K11: Meningkatkan kualitas dan kecepatan pelayanan publik | L11: Strategic Alignment 2.jpeg
A12: A7 | B12: Stakeholder Collaborative Action | C12: Memperkuat sinergi lintas instansi dalam upaya keselamatan transportasi. | D12: Petugas Bidang Pelayanan & Samsat | E12: Januari–Desember 2026 | F12: Sharing & Caring RS; Forum Lalu Lintas Angkutan Jalan (FLLAJ); aksi simpatik. | G12: Intervensi setiap stakeholder tepat sasaran di masyarakat; masyarakat patuh dan sadar berkendara. Cara ukur: Dokumentasi kegiatan; notulensi. | H12: Key Activity Breakdown 3.jpeg | I12: Efektivitas Pelaksanaan Forum Keselamatan Lalu Lintas 100% terlaksana (Kolaborasi Ekosistem) | J12: Proaktif membangun koordinasi lintas instansi serta memastikan tindak lanjut hasil forum | K12: Memperkuat kolaborasi ekosistem keselamatan | L12: Strategic Alignment 2.jpeg
A13: A8 | B13: Monitoring, Review & Impact Evaluation | C13: Memastikan Program JAWA TIMUR berjalan efektif dan berkelanjutan. | D13: Leader, Pelayanan, Change Catalyst dan Keuangan | E13: April, Juli, Oktober, Desember 2026 | F13: Laporan evaluasi Program JAWA TIMUR; rekomendasi program lanjutan; pengambilan keputusan berbasis data evaluasi. | G13: Organisasi menggunakan data untuk meningkatkan program kesamsatan. Cara ukur: Dokumentasi kegiatan; laporan evaluasi. | H13: Key Activity Breakdown 3.jpeg | I13: Anev Pelayanan Luar Biasa 100% (Agility & Learning) | J13: Melakukan evaluasi rutin berbasis data serta terbuka terhadap perbaikan layanan | K13: Mendorong perbaikan layanan berkelanjutan | L13: Strategic Alignment 2.jpeg
A14: A9 | B14: Personal Growth & Digital Skills | C14: Meningkatkan kemampuan pegawai dalam peningkatan skill serta pemanfaatan keterampilan digital. | D14: Change Catalyst, Sub Bagian HC & Umum, Cabang Bojonegoro, Probolinggo, Madiun | E14: Mei, Juli, November | F14: Ide dan draft content creation. | G14: Ide atau praktik kerja dibagikan dan mulai dicoba atau diadaptasi oleh unit lain; peningkatan skill pegawai terdokumentasi. Cara ukur: Beberapa unit mencoba praktik design dari NEXTalk; laporan/dokumentasi peningkatan skill pegawai. | H14: Key Activity Breakdown 1.jpeg | I14: GAP Kompetensi Pegawai Organik <30% (Learning & Growth) | J14: Menggunakan data sebagai dasar keputusan | K14: Penutupan gap kompetensi berbasis praktik nyata | L14: Strategic Alignment 1.jpeg
... A17: A12 | B17: Inspiring Champion Award | C17: Memberikan apresiasi kepada pegawai yang berkontribusi aktif dalam kegiatan JR NEXTalk. | D17: Change Catalyst | E17: Desember | F17: Penerima penghargaan Inspiring Champion berdasarkan kriteria penilaian. | G17: Meningkatnya motivasi pegawai untuk berpartisipasi sebagai narasumber maupun kontributor. Cara ukur: ≥70% peserta menyatakan kegiatan NEXTalk memberikan inspirasi atau pengetahuan baru. | H17: Key Activity Breakdown 1.jpeg | I17: Peningkatan Kompetensi Pegawai (IDP) | J17: Adaptif terhadap sistem dan timeline | K17: Menguatkan pemahaman aplikatif | L17: Strategic Alignment 1.jpeg

Sheet Scorecard ToC
A1: SCORECARD CAPAIAN THEORY OF CHANGE – 12 AKTIVITAS | B1: SCORECARD CAPAIAN THEORY OF CHANGE – 12 AKTIVITAS | C1: SCORECARD CAPAIAN THEORY OF CHANGE – 12 AKTIVITAS | D1: SCORECARD CAPAIAN THEORY OF CHANGE – 12 AKTIVITAS | E1: SCORECARD CAPAIAN THEORY OF CHANGE – 12 AKTIVITAS | F1: SCORECARD CAPAIAN THEORY OF CHANGE – 12 AKTIVITAS | G1: SCORECARD CAPAIAN THEORY OF CHANGE – 12 AKTIVITAS | H1: SCORECARD CAPAIAN THEORY OF CHANGE – 12 AKTIVITAS | I1: SCORECARD CAPAIAN THEORY OF CHANGE – 12 AKTIVITAS | J1: SCORECARD CAPAIAN THEORY OF CHANGE – 12 AKTIVITAS | K1: SCORECARD CAPAIAN THEORY OF CHANGE – 12 AKTIVITAS | L1: SCORECARD CAPAIAN THEORY OF CHANGE – 12 AKTIVITAS | M1: SCORECARD CAPAIAN THEORY OF CHANGE – 12 AKTIVITAS | N1: SCORECARD CAPAIAN THEORY OF CHANGE – 12 AKTIVITAS
A2: Skor adalah rata-rata % Capaian indikator pada Tracker ToC untuk setiap program dan tingkat. Sasaran naratif berasal dari dokumen client. Sel merah muda menunjukkan skor yang masih mengandung data dummy; skor Impact adalah proxy sampai KPI strategis aktual tersedia. | B2: Skor adalah rata-rata % Capaian indikator pada Tracker ToC untuk setiap program dan tingkat. Sasaran naratif berasal dari dokumen client. Sel merah muda menunjukkan skor yang masih mengandung data dummy; skor Impact adalah proxy sampai KPI strategis aktual tersedia. | C2: Skor adalah rata-rata % Capaian indikator pada Tracker ToC untuk setiap program dan tingkat. Sasaran naratif berasal dari dokumen client. Sel merah muda menunjukkan skor yang masih mengandung data dummy; skor Impact adalah proxy sampai KPI strategis aktual tersedia. | D2: Skor adalah rata-rata % Capaian indikator pada Tracker ToC untuk setiap program dan tingkat. Sasaran naratif berasal dari dokumen client. Sel merah muda menunjukkan skor yang masih mengandung data dummy; skor Impact adalah proxy sampai KPI strategis aktual tersedia. | E2: Skor adalah rata-rata % Capaian indikator pada Tracker ToC untuk setiap program dan tingkat. Sasaran naratif berasal dari dokumen client. Sel merah muda menunjukkan skor yang masih mengandung data dummy; skor Impact adalah proxy sampai KPI strategis aktual tersedia. | F2: Skor adalah rata-rata % Capaian indikator pada Tracker ToC untuk setiap program dan tingkat. Sasaran naratif berasal dari dokumen client. Sel merah muda menunjukkan skor yang masih mengandung data dummy; skor Impact adalah proxy sampai KPI strategis aktual tersedia. | G2: Skor adalah rata-rata % Capaian indikator pada Tracker ToC untuk setiap program dan tingkat. Sasaran naratif berasal dari dokumen client. Sel merah muda menunjukkan skor yang masih mengandung data dummy; skor Impact adalah proxy sampai KPI strategis aktual tersedia. | H2: Skor adalah rata-rata % Capaian indikator pada Tracker ToC untuk setiap program dan tingkat. Sasaran naratif berasal dari dokumen client. Sel merah muda menunjukkan skor yang masih mengandung data dummy; skor Impact adalah proxy sampai KPI strategis aktual tersedia. | I2: Skor adalah rata-rata % Capaian indikator pada Tracker ToC untuk setiap program dan tingkat. Sasaran naratif berasal dari dokumen client. Sel merah muda menunjukkan skor yang masih mengandung data dummy; skor Impact adalah proxy sampai KPI strategis aktual tersedia. | J2: Skor adalah rata-rata % Capaian indikator pada Tracker ToC untuk setiap program dan tingkat. Sasaran naratif berasal dari dokumen client. Sel merah muda menunjukkan skor yang masih mengandung data dummy; skor Impact adalah proxy sampai KPI strategis aktual tersedia. | K2: Skor adalah rata-rata % Capaian indikator pada Tracker ToC untuk setiap program dan tingkat. Sasaran naratif berasal dari dokumen client. Sel merah muda menunjukkan skor yang masih mengandung data dummy; skor Impact adalah proxy sampai KPI strategis aktual tersedia. | L2: Skor adalah rata-rata % Capaian indikator pada Tracker ToC untuk setiap program dan tingkat. Sasaran naratif berasal dari dokumen client. Sel merah muda menunjukkan skor yang masih mengandung data dummy; skor Impact adalah proxy sampai KPI strategis aktual tersedia. | M2: Skor adalah rata-rata % Capaian indikator pada Tracker ToC untuk setiap program dan tingkat. Sasaran naratif berasal dari dokumen client. Sel merah muda menunjukkan skor yang masih mengandung data dummy; skor Impact adalah proxy sampai KPI strategis aktual tersedia. | N2: Skor adalah rata-rata % Capaian indikator pada Tracker ToC untuk setiap program dan tingkat. Sasaran naratif berasal dari dokumen client. Sel merah muda menunjukkan skor yang masih mengandung data dummy; skor Impact adalah proxy sampai KPI strategis aktual tersedia.
A3: Skor adalah rata-rata % Capaian indikator pada Tracker ToC untuk setiap program dan tingkat. Sasaran naratif berasal dari dokumen client. Sel merah muda menunjukkan skor yang masih mengandung data dummy; skor Impact adalah proxy sampai KPI strategis aktual tersedia. | B3: Skor adalah rata-rata % Capaian indikator pada Tracker ToC untuk setiap program dan tingkat. Sasaran naratif berasal dari dokumen client. Sel merah muda menunjukkan skor yang masih mengandung data dummy; skor Impact adalah proxy sampai KPI strategis aktual tersedia. | C3: Skor adalah rata-rata % Capaian indikator pada Tracker ToC untuk setiap program dan tingkat. Sasaran naratif berasal dari dokumen client. Sel merah muda menunjukkan skor yang masih mengandung data dummy; skor Impact adalah proxy sampai KPI strategis aktual tersedia. | D3: Skor adalah rata-rata % Capaian indikator pada Tracker ToC untuk setiap program dan tingkat. Sasaran naratif berasal dari dokumen client. Sel merah muda menunjukkan skor yang masih mengandung data dummy; skor Impact adalah proxy sampai KPI strategis aktual tersedia. | E3: Skor adalah rata-rata % Capaian indikator pada Tracker ToC untuk setiap program dan tingkat. Sasaran naratif berasal dari dokumen client. Sel merah muda menunjukkan skor yang masih mengandung data dummy; skor Impact adalah proxy sampai KPI strategis aktual tersedia. | F3: Skor adalah rata-rata % Capaian indikator pada Tracker ToC untuk setiap program dan tingkat. Sasaran naratif berasal dari dokumen client. Sel merah muda menunjukkan skor yang masih mengandung data dummy; skor Impact adalah proxy sampai KPI strategis aktual tersedia. | G3: Skor adalah rata-rata % Capaian indikator pada Tracker ToC untuk setiap program dan tingkat. Sasaran naratif berasal dari dokumen client. Sel merah muda menunjukkan skor yang masih mengandung data dummy; skor Impact adalah proxy sampai KPI strategis aktual tersedia. | H3: Skor adalah rata-rata % Capaian indikator pada Tracker ToC untuk setiap program dan tingkat. Sasaran naratif berasal dari dokumen client. Sel merah muda menunjukkan skor yang masih mengandung data dummy; skor Impact adalah proxy sampai KPI strategis aktual tersedia. | I3: Skor adalah rata-rata % Capaian indikator pada Tracker ToC untuk setiap program dan tingkat. Sasaran naratif berasal dari dokumen client. Sel merah muda menunjukkan skor yang masih mengandung data dummy; skor Impact adalah proxy sampai KPI strategis aktual tersedia. | J3: Skor adalah rata-rata % Capaian indikator pada Tracker ToC untuk setiap program dan tingkat. Sasaran naratif berasal dari dokumen client. Sel merah muda menunjukkan skor yang masih mengandung data dummy; skor Impact adalah proxy sampai KPI strategis aktual tersedia. | K3: Skor adalah rata-rata % Capaian indikator pada Tracker ToC untuk setiap program dan tingkat. Sasaran naratif berasal dari dokumen client. Sel merah muda menunjukkan skor yang masih mengandung data dummy; skor Impact adalah proxy sampai KPI strategis aktual tersedia. | L3: Skor adalah rata-rata % Capaian indikator pada Tracker ToC untuk setiap program dan tingkat. Sasaran naratif berasal dari dokumen client. Sel merah muda menunjukkan skor yang masih mengandung data dummy; skor Impact adalah proxy sampai KPI strategis aktual tersedia. | M3: Skor adalah rata-rata % Capaian indikator pada Tracker ToC untuk setiap program dan tingkat. Sasaran naratif berasal dari dokumen client. Sel merah muda menunjukkan skor yang masih mengandung data dummy; skor Impact adalah proxy sampai KPI strategis aktual tersedia. | N3: Skor adalah rata-rata % Capaian indikator pada Tracker ToC untuk setiap program dan tingkat. Sasaran naratif berasal dari dokumen client. Sel merah muda menunjukkan skor yang masih mengandung data dummy; skor Impact adalah proxy sampai KPI strategis aktual tersedia.
A5: RINGKASAN CAPAIAN | B5: RINGKASAN CAPAIAN | C5: RINGKASAN CAPAIAN | E5: KUALITAS DATA | F5: KUALITAS DATA | G5: KUALITAS DATA
A6: Tingkat | B6: Rata-rata Capaian | C6: Status | E6: Kualitas | F6: Jumlah | G6: Keterangan
A7: Output | B7: =AVERAGEIF($C$12:$C$47,A7,$H$12:$H$47) -> 0.70833333 | C7: =IF(B7>=1,"Tercapai",IF(B7>=0.8,"In Progress","Perlu Perhatian")) -> Perlu Perhatian | E7: Mengandung Dummy | F7: =COUNTIF($J$12:$J$47,E7) -> 36 | G7: Perlu verifikasi
A8: Outcome | B8: =AVERAGEIF($C$12:$C$47,A8,$H$12:$H$47) -> 0.76275327 | C8: =IF(B8>=1,"Tercapai",IF(B8>=0.8,"In Progress","Perlu Perhatian")) -> Perlu Perhatian | E8: Terbukti | F8: =COUNTIF($J$12:$J$47,E8) -> 0 | G8: Siap digunakan
A9: Impact | B9: =AVERAGEIF($C$12:$C$47,A9,$H$12:$H$47) -> 0.60406746 | C9: =IF(B9>=1,"Tercapai",IF(B9>=0.8,"In Progress","Perlu Perhatian")) -> Perlu Perhatian | E9: Total | F9: =COUNTA($A$12:$A$47) -> 36 | G9: 36 baris scorecard
A11: Kode | B11: Program | C11: Tingkat ToC | D11: Sasaran Client | E11: KBI / Cara Ukur | F11: Sumber Target | G11: Target Skor | H11: Capaian | I11: Status | J11: Kualitas Data | K11: Jumlah Indikator | L11: PIC | M11: Waktu | N11: Alignment Strategis
A12: A1 | B12: Road Safety Baseline Study & Data Mapping | C12: Output | D12: Road safety insight report; data korban kecelakaan dan santunan; faktor penyebab kecelakaan. | E12: Deliverable diverifikasi melalui indikator dan bukti pada Tracker ToC. | F12: Key Activity Breakdown 6.jpeg | G12: 1 | H12: =IFERROR(AVERAGEIFS('Tracker ToC'!$M$8:$M$78,'Tracker ToC'!$C$8:$C$78,$A12,'Tracker ToC'!$E$8:$E$78,$C12),0) -> 0.66666667 | I12: =IF(H12>=1,"Tercapai",IF(H12>=0.8,"In Progress","Perlu Perhatian")) -> Perlu Perhatian | J12: =IF(COUNTIFS('Tracker ToC'!$C$8:$C$78,$A12,'Tracker ToC'!$E$8:$E$78,$C12,'Tracker ToC'!$V$8:$V$78,"Mengandung Dummy")>0,"Mengandung Dummy","Terbukti") -> Mengandung Dummy | K12: =COUNTIFS('Tracker ToC'!$C$8:$C$78,$A12,'Tracker ToC'!$E$8:$E$78,$C12) -> 1 | L12: Change Agent, Change Booster, Sub Bagian Pelayanan | M12: Maret 2026 | N12: Mendukung rantai menuju impact strategis program.
A13: A1 | B13: Road Safety Baseline Study & Data Mapping | C13: Outcome | D13: Tersedianya data kecelakaan sebagai dasar Program JAWA TIMUR dan setiap intervensi JAWA TIMUR berbasis data. | E13: Laporan Bidang Pelayanan; Dashboard CERI. | F13: Key Activity Breakdown 6.jpeg | G13: 1 | H13: =IFERROR(AVERAGEIFS('Tracker ToC'!$M$8:$M$78,'Tracker ToC'!$C$8:$C$78,$A13,'Tracker ToC'!$E$8:$E$78,$C13),0) -> 0.7 | I13: =IF(H13>=1,"Tercapai",IF(H13>=0.8,"In Progress","Perlu Perhatian")) -> Perlu Perhatian | J13: =IF(COUNTIFS('Tracker ToC'!$C$8:$C$78,$A13,'Tracker ToC'!$E$8:$E$78,$C13,'Tracker ToC'!$V$8:$V$78,"Mengandung Dummy")>0,"Mengandung Dummy","Terbukti") -> Mengandung Dummy | K13: =COUNTIFS('Tracker ToC'!$C$8:$C$78,$A13,'Tracker ToC'!$E$8:$E$78,$C13) -> 1 | L13: Change Agent, Change Booster, Sub Bagian Pelayanan | M13: Maret 2026 | N13: Mendukung rantai menuju impact strategis program.
A14: A1 | B14: Road Safety Baseline Study & Data Mapping | C14: Impact | D14: Implementasi Penanganan Titik Rawan Laka 100% terintervensi (Data & Digital) | E14: Menggunakan data kecelakaan sebagai dasar identifikasi dan prioritas intervensi | F14: Strategic Alignment 2.jpeg | G14: 1 | H14: =IFERROR(AVERAGEIFS('Tracker ToC'!$M$8:$M$78,'Tracker ToC'!$C$8:$C$78,$A14,'Tracker ToC'!$E$8:$E$78,$C14),0) -> 0.75 | I14: =IF(H14>=1,"Tercapai",IF(H14>=0.8,"In Progress","Perlu Perhatian")) -> Perlu Perhatian | J14: =IF(COUNTIFS('Tracker ToC'!$C$8:$C$78,$A14,'Tracker ToC'!$E$8:$E$78,$C14,'Tracker ToC'!$V$8:$V$78,"Mengandung Dummy")>0,"Mengandung Dummy","Terbukti") -> Mengandung Dummy | K14: =COUNTIFS('Tracker ToC'!$C$8:$C$78,$A14,'Tracker ToC'!$E$8:$E$78,$C14) -> 1 | L14: Change Agent, Change Booster, Sub Bagian Pelayanan | M14: Maret 2026 | N14: Intervensi keselamatan berbasis data
A15: A2 | B15: Blackspot Intervention Program | C15: Output | D15: Rekomendasi kegiatan atau intervensi berdasarkan pemetaan, seperti rambu, edukasi, dan intervensi relevan lainnya. | E15: Deliverable diverifikasi melalui indikator dan bukti pada Tracker ToC. | F15: Key Activity Breakdown 6.jpeg | G15: 1 | H15: =IFERROR(AVERAGEIFS('Tracker ToC'!$M$8:$M$78,'Tracker ToC'!$C$8:$C$78,$A15,'Tracker ToC'!$E$8:$E$78,$C15),0) -> 1 | I15: =IF(H15>=1,"Tercapai",IF(H15>=0.8,"In Progress","Perlu Perhatian")) -> Tercapai | J15: =IF(COUNTIFS('Tracker ToC'!$C$8:$C$78,$A15,'Tracker ToC'!$E$8:$E$78,$C15,'Tracker ToC'!$V$8:$V$78,"Mengandung Dummy")>0,"Mengandung Dummy","Terbukti") -> Mengandung Dummy | K15: =COUNTIFS('Tracker ToC'!$C$8:$C$78,$A15,'Tracker ToC'!$E$8:$E$78,$C15) -> 1 | L15: Sub Bagian Pelayanan | M15: April–Mei 2026 | N15: Mendukung rantai menuju impact strategis program.
A16: A2 | B16: Blackspot Intervention Program | C16: Outcome | D16: Stakeholder melakukan intervensi pada titik rawan dan koordinasi lintas lembaga meningkat. | E16: Laporan Andalan; monthly report Bidang Pelayanan. | F16: Key Activity Breakdown 6.jpeg | G16: 1 | H16: =IFERROR(AVERAGEIFS('Tracker ToC'!$M$8:$M$78,'Tracker ToC'!$C$8:$C$78,$A16,'Tracker ToC'!$E$8:$E$78,$C16),0) -> 0.66666667 | I16: =IF(H16>=1,"Tercapai",IF(H16>=0.8,"In Progress","Perlu Perhatian")) -> Perlu Perhatian | J16: =IF(COUNTIFS('Tracker ToC'!$C$8:$C$78,$A16,'Tracker ToC'!$E$8:$E$78,$C16,'Tracker ToC'!$V$8:$V$78,"Mengandung Dummy")>0,"Mengandung Dummy","Terbukti") -> Mengandung Dummy | K16: =COUNTIFS('Tracker ToC'!$C$8:$C$78,$A16,'Tracker ToC'!$E$8:$E$78,$C16) -> 1 | L16: Sub Bagian Pelayanan | M16: April–Mei 2026 | N16: Mendukung rantai menuju impact strategis program.
A17: A2 | B17: Blackspot Intervention Program | C17: Impact | D17: Implementasi Penanganan Titik Rawan Laka 100% terintervensi (Data & Digital) | E17: Menggunakan data kecelakaan sebagai dasar identifikasi dan prioritas intervensi | F17: Strategic Alignment 2.jpeg | G17: 1 | H17: =IFERROR(AVERAGEIFS('Tracker ToC'!$M$8:$M$78,'Tracker ToC'!$C$8:$C$78,$A17,'Tracker ToC'!$E$8:$E$78,$C17),0) -> 0.4 | I17: =IF(H17>=1,"Tercapai",IF(H17>=0.8,"In Progress","Perlu Perhatian")) -> Perlu Perhatian | J17: =IF(COUNTIFS('Tracker ToC'!$C$8:$C$78,$A17,'Tracker ToC'!$E$8:$E$78,$C17,'Tracker ToC'!$V$8:$V$78,"Mengandung Dummy")>0,"Mengandung Dummy","Terbukti") -> Mengandung Dummy | K17: =COUNTIFS('Tracker ToC'!$C$8:$C$78,$A17,'Tracker ToC'!$E$8:$E$78,$C17) -> 1 | L17: Sub Bagian Pelayanan | M17: April–Mei 2026 | N17: Intervensi keselamatan berbasis data
A18: A3 | B18: Road Safety Education Program | C18: Output | D18: Program edukasi di sekolah dan program edukasi bagi pengajar. | E18: Deliverable diverifikasi melalui indikator dan bukti pada Tracker ToC. | F18: Key Activity Breakdown 5.jpeg | G18: 1 | H18: =IFERROR(AVERAGEIFS('Tracker ToC'!$M$8:$M$78,'Tracker ToC'!$C$8:$C$78,$A18,'Tracker ToC'!$E$8:$E$78,$C18),0) -> 1 | I18: =IF(H18>=1,"Tercapai",IF(H18>=0.8,"In Progress","Perlu Perhatian")) -> Tercapai | J18: =IF(COUNTIFS('Tracker ToC'!$C$8:$C$78,$A18,'Tracker ToC'!$E$8:$E$78,$C18,'Tracker ToC'!$V$8:$V$78,"Mengandung Dummy")>0,"Mengandung Dummy","Terbukti") -> Mengandung Dummy | K18: =COUNTIFS('Tracker ToC'!$C$8:$C$78,$A18,'Tracker ToC'!$E$8:$E$78,$C18) -> 2 | L18: Petugas Bidang Pelayanan & Samsat Pelayanan | M18: Januari–Oktober 2026 | N18: Mendukung rantai menuju impact strategis program.
A19: A3 | B19: Road Safety Education Program | C19: Outcome | D19: 20% sekolah di Jawa Timur mendapatkan edukasi dan pengajar menjadi agen keselamatan di lingkungan keluarga dan sekolah/kampus. | E19: Dokumentasi kegiatan; Laporan Andalan. | F19: Key Activity Breakdown 5.jpeg | G19: 1 | H19: =IFERROR(AVERAGEIFS('Tracker ToC'!$M$8:$M$78,'Tracker ToC'!$C$8:$C$78,$A19,'Tracker ToC'!$E$8:$E$78,$C19),0) -> 0.97142857 | I19: =IF(H19>=1,"Tercapai",IF(H19>=0.8,"In Progress","Perlu Perhatian")) -> In Progress | J19: =IF(COUNTIFS('Tracker ToC'!$C$8:$C$78,$A19,'Tracker ToC'!$E$8:$E$78,$C19,'Tracker ToC'!$V$8:$V$78,"Mengandung Dummy")>0,"Mengandung Dummy","Terbukti") -> Mengandung Dummy | K19: =COUNTIFS('Tracker ToC'!$C$8:$C$78,$A19,'Tracker ToC'!$E$8:$E$78,$C19) -> 1 | L19: Petugas Bidang Pelayanan & Samsat Pelayanan | M19: Januari–Oktober 2026 | N19: Mendukung rantai menuju impact strategis program.
A20: A3 | B20: Road Safety Education Program | C20: Impact | D20: Implementasi Penanganan Titik Rawan Laka 100% terintervensi (Data & Digital) | E20: Menggunakan data kecelakaan sebagai dasar identifikasi dan prioritas intervensi | F20: Strategic Alignment 2.jpeg | G20: 1 | H20: =IFERROR(AVERAGEIFS('Tracker ToC'!$M$8:$M$78,'Tracker ToC'!$C$8:$C$78,$A20,'Tracker ToC'!$E$8:$E$78,$C20),0) -> 0.6 | I20: =IF(H20>=1,"Tercapai",IF(H20>=0.8,"In Progress","Perlu Perhatian")) -> Perlu Perhatian | J20: =IF(COUNTIFS('Tracker ToC'!$C$8:$C$78,$A20,'Tracker ToC'!$E$8:$E$78,$C20,'Tracker ToC'!$V$8:$V$78,"Mengandung Dummy")>0,"Mengandung Dummy","Terbukti") -> Mengandung Dummy | K20: =COUNTIFS('Tracker ToC'!$C$8:$C$78,$A20,'Tracker ToC'!$E$8:$E$78,$C20) -> 1 | L20: Petugas Bidang Pelayanan & Samsat Pelayanan | M20: Januari–Oktober 2026 | N20: Intervensi keselamatan berbasis data
A21: A4 | B21: Transport Driver Safety Program | C21: Output | D21: Pelatihan keselamatan bagi pengemudi angkutan umum dan kendaraan berat; Operasi Gabungan & Sosialisasi ODOL; kampanye keselamatan kepada mobil pengangkut barang (truck); MUKL. | E21: Deliverable diverifikasi melalui indikator dan bukti pada Tracker ToC. | F21: Key Activity Breakdown 5.jpeg | G21: 1 | H21: =IFERROR(AVERAGEIFS('Tracker ToC'!$M$8:$M$78,'Tracker ToC'!$C$8:$C$78,$A21,'Tracker ToC'!$E$8:$E$78,$C21),0) -> 1 | I21: =IF(H21>=1,"Tercapai",IF(H21>=0.8,"In Progress","Perlu Perhatian")) -> Tercapai | J21: =IF(COUNTIFS('Tracker ToC'!$C$8:$C$78,$A21,'Tracker ToC'!$E$8:$E$78,$C21,'Tracker ToC'!$V$8:$V$78,"Mengandung Dummy")>0,"Mengandung Dummy","Terbukti") -> Mengandung Dummy | K21: =COUNTIFS('Tracker ToC'!$C$8:$C$78,$A21,'Tracker ToC'!$E$8:$E$78,$C21) -> 4 | L21: Petugas Bidang Pelayanan & Samsat Pelayanan | M21: Januari–Oktober 2026 | N21: Mendukung rantai menuju impact strategis program.
A22: A4 | B22: Transport Driver Safety Program | C22: Outcome | D22: Pengemudi memahami batas kecepatan, muatan, dan aturan lalu lintas. | E22: Laporan Andalan; dokumentasi kegiatan. | F22: Key Activity Breakdown 5.jpeg | G22: 1 | H22: =IFERROR(AVERAGEIFS('Tracker ToC'!$M$8:$M$78,'Tracker ToC'!$C$8:$C$78,$A22,'Tracker ToC'!$E$8:$E$78,$C22),0) -> 0.96470588 | I22: =IF(H22>=1,"Tercapai",IF(H22>=0.8,"In Progress","Perlu Perhatian")) -> In Progress | J22: =IF(COUNTIFS('Tracker ToC'!$C$8:$C$78,$A22,'Tracker ToC'!$E$8:$E$78,$C22,'Tracker ToC'!$V$8:$V$78,"Mengandung Dummy")>0,"Mengandung Dummy","Terbukti") -> Mengandung Dummy | K22: =COUNTIFS('Tracker ToC'!$C$8:$C$78,$A22,'Tracker ToC'!$E$8:$E$78,$C22) -> 1 | L22: Petugas Bidang Pelayanan & Samsat Pelayanan | M22: Januari–Oktober 2026 | N22: Mendukung rantai menuju impact strategis program.
A23: A4 | B23: Transport Driver Safety Program | C23: Impact | D23: Kecepatan Kepastian Jaminan Wilayah/Cabang (Pelayanan Publik) | E23: Respons cepat dan koordinasi efektif antar unit dalam proses penjaminan korban laka | F23: Strategic Alignment 2.jpeg | G23: 1 | H23: =IFERROR(AVERAGEIFS('Tracker ToC'!$M$8:$M$78,'Tracker ToC'!$C$8:$C$78,$A23,'Tracker ToC'!$E$8:$E$78,$C23),0) -> 0.625 | I23: =IF(H23>=1,"Tercapai",IF(H23>=0.8,"In Progress","Perlu Perhatian")) -> Perlu Perhatian | J23: =IF(COUNTIFS('Tracker ToC'!$C$8:$C$78,$A23,'Tracker ToC'!$E$8:$E$78,$C23,'Tracker ToC'!$V$8:$V$78,"Mengandung Dummy")>0,"Mengandung Dummy","Terbukti") -> Mengandung Dummy | K23: =COUNTIFS('Tracker ToC'!$C$8:$C$78,$A23,'Tracker ToC'!$E$8:$E$78,$C23) -> 1 | L23: Petugas Bidang Pelayanan & Samsat Pelayanan | M23: Januari–Oktober 2026 | N23: Meningkatkan kualitas dan kecepatan pelayanan publik
... A47: A12 | B47: Inspiring Champion Award | C47: Impact | D47: Peningkatan Kompetensi Pegawai (IDP) | E47: Adaptif terhadap sistem dan timeline | F47: Strategic Alignment 1.jpeg | G47: 1 | H47: =IFERROR(AVERAGEIFS('Tracker ToC'!$M$8:$M$78,'Tracker ToC'!$C$8:$C$78,$A47,'Tracker ToC'!$E$8:$E$78,$C47),0) -> 0.5 | I47: =IF(H47>=1,"Tercapai",IF(H47>=0.8,"In Progress","Perlu Perhatian")) -> Perlu Perhatian | J47: =IF(COUNTIFS('Tracker ToC'!$C$8:$C$78,$A47,'Tracker ToC'!$E$8:$E$78,$C47,'Tracker ToC'!$V$8:$V$78,"Mengandung Dummy")>0,"Mengandung Dummy","Terbukti") -> Mengandung Dummy | K47: =COUNTIFS('Tracker ToC'!$C$8:$C$78,$A47,'Tracker ToC'!$E$8:$E$78,$C47) -> 1 | L47: Change Catalyst | M47: Desember | N47: Menguatkan pemahaman aplikatif
